timestamp,arm_ref_0,arm_ref_1,arm_ref_2,arm_ref_3,arm_ref_4,arm_ref_5,arm_ref_6,arm_cur_0,arm_cur_1,arm_cur_2,arm_cur_3,arm_cur_4,arm_cur_5,arm_cur_6,hand_ref_0,hand_cur_0
1,0.127678,-0.318753,1.037563,0.160331,0.189852,0.095921,-0.103118,0.048638,-0.087549,0.423247,0.069238,0.086404,0.003243,-0.135996
2,0.124992,-0.339773,1.038814,0.152861,0.271356,0.123850,-0.131458,0.070001,-0.201610,0.760472,0.127985,0.197414,0.115015,-0.145533
3,0.129028,-0.347919,1.039790,0.151815,0.344217,0.143099,-0.149873,0.078393,-0.301938,0.908103,0.131800,0.267224,0.144388,-0.131800
4,0.129116,-0.349737,1.039167,0.145012,0.409924,0.157704,-0.159490,0.089837,-0.364500,0.972953,0.123407,0.331693,0.151255,-0.127222
5,0.130374,-0.350608,1.036313,0.143704,0.468397,0.167380,-0.164178,0.101282,-0.386244,0.996605,0.110437,0.457198,0.174525,-0.129892
6,0.131091,-0.355269,1.037155,0.133292,0.521012,0.171772,-0.159034,0.109674,-0.383574,0.996986,0.109293,0.511749,0.169566,-0.140192
7,0.135120,-0.363313,1.027749,0.139624,0.568219,0.182785,-0.154373,0.111582,-0.382048,0.996986,0.110056,0.558671,0.176432,-0.157359
8,0.138138,-0.370414,1.024568,0.138906,0.615477,0.200113,-0.143688,0.111582,-0.382429,0.996986,0.111200,0.600633,0.203899,-0.156596
9,0.144738,-0.389234,1.006651,0.157677,0.702119,0.218409,-0.079763,0.111963,-0.382811,0.996986,0.119211,0.691424,0.204280,-0.078393
10,0.159209,-0.413239,0.976860,0.179986,0.746787,0.170462,0.007248,0.114633,-0.388533,0.994697,0.139048,0.730335,0.181773,0.018502
11,0.172420,-0.439885,0.909361,0.181851,0.783744,0.103417,0.090412,0.119974,-0.399977,0.964942,0.154307,0.768101,0.118830,0.088312
12,0.182083,-0.457240,0.866406,0.196782,0.816613,0.034854,0.176360,0.131037,-0.416381,0.921454,0.167277,0.802052,0.040246,0.178340
13,0.195101,-0.472792,0.800141,0.252884,0.846141,0.002539,0.268122,0.152018,-0.441939,0.868048,0.192073,0.825704,0.002098,0.286297
14,0.218307,-0.498240,0.721869,0.384132,0.877473,0.021195,0.316231,0.183680,-0.479706,0.803197,0.252346,0.852407,0.005913,0.321393
15,0.246172,-0.532047,0.633703,0.526862,0.907070,0.089347,0.268972,0.222972,-0.519379,0.727283,0.353819,0.877966,0.063897,0.291257
16,0.260320,-0.559266,0.549015,0.597811,0.929532,0.145595,0.207910,0.247768,-0.544556,0.646792,0.457198,0.907721,0.136378,0.213054
17,0.251869,-0.573358,0.498143,0.604594,0.948781,0.140979,0.232568,0.248531,-0.548753,0.579652,0.533112,0.937095,0.151255,0.202754
18,0.229424,-0.574032,0.438821,0.648047,0.961105,0.069080,0.328937,0.240139,-0.548753,0.523957,0.592241,0.940528,0.102808,0.301175
19,0.202219,-0.579129,0.385535,0.722186,0.970009,-0.021376,0.405874,0.235561,-0.552949,0.464065,0.642977,0.940909,0.009728,0.419814
20,0.177897,-0.593881,0.341064,0.840580,0.977314,-0.074613,0.440831,0.235943,-0.570115,0.411421,0.705921,0.950446,-0.075723,0.435454
21,0.160755,-0.618989,0.313653,0.986466,0.983707,-0.066380,0.411536,0.232891,-0.590715,0.372129,0.799763,0.959220,-0.085260,0.433547
22,0.148511,-0.644945,0.275922,1.128021,0.987980,-0.023938,0.312856,0.217632,-0.613603,0.337034,0.917639,0.965324,-0.044442,0.360304
23,0.139945,-0.664254,0.244991,1.272967,0.989472,0.007820,0.182855,0.194362,-0.635348,0.299268,1.056497,0.982490,-0.000572,0.199321
24,0.128754,-0.669523,0.206356,1.435657,0.987759,0.047948,0.042040,0.167277,-0.646410,0.264935,1.211376,0.982109,0.047112,0.069238
25,0.096809,-0.670759,0.169919,1.575754,0.984549,0.124829,-0.149035,0.138666,-0.649844,0.225261,1.365110,0.981727,0.112726,-0.118830
26,0.055869,-0.677895,0.163622,1.654363,0.975401,0.269808,-0.450713,0.098993,-0.652514,0.196651,1.497101,0.980583,0.243191,-0.373274
27,0.031416,-0.686355,0.178906,1.661489,0.967967,0.328686,-0.553915,0.053216,-0.654803,0.187877,1.603532,0.972953,0.365263,-0.594148
28,0.028069,-0.694454,0.195260,1.640859,0.960591,0.361060,-0.589674,0.023842,-0.656329,0.187877,1.654650,0.957694,0.380903,-0.602159
29,0.040876,-0.698610,0.211227,1.610329,0.953530,0.385738,-0.583366,0.019646,-0.665103,0.187877,1.651598,0.954643,0.388151,-0.601015
30,0.058803,-0.695686,0.205049,1.548883,0.946235,0.411638,-0.506160,0.024605,-0.665103,0.188258,1.632143,0.955024,0.400740,-0.584993
31,0.071004,-0.688483,0.202421,1.439239,0.947394,0.409788,-0.411205,0.026894,-0.665103,0.189784,1.594759,0.954643,0.431258,-0.480468
32,0.069376,-0.683701,0.197530,1.223845,0.958943,0.369804,-0.201431,0.026131,-0.664721,0.189784,1.510452,0.957313,0.437362,-0.342374
33,0.059429,-0.687902,0.189153,1.053383,0.969254,0.350558,-0.136098,0.023079,-0.662432,0.189784,1.354810,0.956168,0.400359,-0.137140
34,0.044804,-0.695850,0.188728,0.900335,0.990343,0.330831,-0.098322,0.026131,-0.668536,0.189403,1.165980,0.960746,0.361830,-0.103952
35,0.042981,-0.698711,0.182028,0.843810,1.002284,0.341040,-0.179311,0.029183,-0.670825,0.189403,1.001564,0.979438,0.333219,-0.114633
36,0.061229,-0.698459,0.196878,0.868217,1.015613,0.343013,-0.298659,0.034142,-0.679217,0.189403,0.897421,0.989738,0.333600,-0.214961
37,0.089981,-0.696178,0.215563,0.946531,1.027306,0.347281,-0.436306,0.050164,-0.687228,0.189784,0.874151,0.993172,0.333219,-0.356489
38,0.113068,-0.694451,0.229045,1.021648,1.037356,0.367588,-0.578262,0.065805,-0.689899,0.189784,0.900092,1.017205,0.362211,-0.515946
39,0.147424,-0.703278,0.263087,1.149792,1.048056,0.414810,-0.720519,0.084497,-0.690280,0.190547,0.961509,1.019875,0.388151,-0.648318
40,0.178656,-0.725006,0.334440,1.251557,1.057646,0.508238,-0.860112,0.105859,-0.693332,0.193980,1.056115,1.020256,0.443465,-0.772297
41,0.196585,-0.754023,0.438377,1.318838,1.066603,0.647129,-0.975018,0.115015,-0.707446,0.246624,1.162165,1.023308,0.557145,-0.915732
42,0.202666,-0.770239,0.533606,1.366106,1.074650,0.761810,-1.053576,0.123789,-0.724231,0.333982,1.257916,1.023690,0.685702,-1.019112
43,0.201501,-0.759584,0.582015,1.362122,1.083590,0.810617,-1.098305,0.131037,-0.731479,0.428206,1.318952,1.031319,0.779545,-1.074044
44,0.197586,-0.741177,0.625608,1.362041,1.093266,0.822358,-1.125628,0.142481,-0.731098,0.504501,1.345655,1.050774,0.784123,-1.109903
45,0.198887,-0.719923,0.641263,1.366177,1.100015,0.809678,-1.126254,0.153162,-0.731098,0.564393,1.347562,1.076715,0.784123,-1.137751
46,0.198887,-0.719923,0.641263,1.366177,1.100015,0.809678,-1.126254,0.168421,-0.728428,0.597200,1.347562,1.079385,0.784123,-1.148051
47,0.212305,-0.688568,0.588315,1.322788,1.103750,0.703494,-0.973207,0.190166,-0.716220,0.599489,1.342603,1.096933,0.708209,-0.975624
48,0.193706,-0.672244,0.566020,1.187772,1.110034,0.580085,-0.707543,0.193217,-0.687610,0.599489,1.290723,1.092355,0.601778,-0.659762
49,0.139923,-0.668534,0.543031,1.028436,1.116740,0.469272,-0.477990,0.167659,-0.663577,0.594530,1.178950,1.093500,0.498016,-0.440032
50,0.074991,-0.667828,0.524744,0.901084,1.124568,0.377654,-0.308991,0.127604,-0.659762,0.585374,1.040856,1.109522,0.389296,-0.296979
51,0.022099,-0.666745,0.527863,0.825110,1.133044,0.305604,-0.185244,0.086404,-0.660906,0.578508,0.918784,1.116007,0.306897,-0.148966
52,-0.032467,-0.666260,0.531500,0.738279,1.143600,0.247821,-0.103332,0.041390,-0.662814,0.567063,0.819600,1.116388,0.261501,-0.102808
53,-0.079525,-0.674108,0.531932,0.711722,1.160151,0.195107,-0.056642,-0.002861,-0.665484,0.567063,0.755894,1.143091,0.204280,-0.061227
54,-0.104016,-0.698345,0.538410,0.781992,1.178303,0.162117,-0.125573,-0.037957,-0.680743,0.567063,0.744450,1.153773,0.161555,-0.124933
55,-0.121353,-0.738678,0.566738,0.903870,1.196151,0.138287,-0.270846,-0.062753,-0.713931,0.567445,0.794423,1.183146,0.143244,-0.293927
56,-0.116244,-0.767443,0.563110,1.045480,1.199139,0.116978,-0.339316,-0.074960,-0.741398,0.567445,0.896277,1.183528,0.127985,-0.339704
57,-0.087430,-0.763238,0.488056,1.179663,1.185868,0.162969,-0.460518,-0.076867,-0.754368,0.542267,1.014153,1.182765,0.154307,-0.436599
58,-0.060856,-0.740626,0.429306,1.274127,1.170314,0.261430,-0.613278,-0.073816,-0.753223,0.496490,1.135462,1.174754,0.271801,-0.647936
59,-0.041007,-0.712392,0.389727,1.328015,1.154624,0.435049,-0.768875,-0.072290,-0.736820,0.452239,1.237316,1.149958,0.453002,-0.792134
60,-0.032600,-0.685061,0.385027,1.382463,1.127673,0.598617,-0.935295,-0.072290,-0.719272,0.415999,1.310941,1.109140,0.612078,-0.929847
61,-0.026928,-0.676800,0.409741,1.379273,1.121517,0.484995,-0.795473,-0.068856,-0.700580,0.406462,1.366255,1.104562,0.544175,-0.868811
62,-0.028489,-0.681326,0.442481,1.273775,1.124096,0.363564,-0.600353,-0.069619,-0.685702,0.407225,1.360533,1.103799,0.412947,-0.600252
63,-0.050915,-0.691058,0.478614,1.088237,1.140508,0.185970,-0.238069,-0.075723,-0.680362,0.419432,1.294919,1.113336,0.295453,-0.325208
64,-0.087179,-0.690049,0.482185,0.939612,1.165496,0.097811,-0.014821,-0.082208,-0.678454,0.425917,1.162165,1.140421,0.145151,-0.018120
65,-0.097788,-0.683138,0.479941,0.895349,1.179614,0.077711,0.037729,-0.083734,-0.685702,0.427062,1.012627,1.149958,0.079156,0.063516
66,-0.093520,-0.676490,0.479506,0.893634,1.191605,0.063502,0.072395,-0.080301,-0.690280,0.427443,0.924506,1.167124,0.053597,0.067712
67,-0.095593,-0.671537,0.478954,0.885770,1.212250,0.044678,0.113356,-0.077249,-0.689899,0.427443,0.896277,1.187724,0.051690,0.090600
68,-0.099759,-0.672757,0.482981,0.879966,1.229699,0.033580,0.133341,-0.078012,-0.689899,0.427443,0.893606,1.211376,0.055886,0.127604
69,-0.096927,-0.674257,0.482386,0.893926,1.234959,0.036116,0.122158,-0.077630,-0.689899,0.427443,0.893606,1.213283,0.056268,0.135233
70,-0.088011,-0.674277,0.466015,0.952364,1.227037,0.062591,0.042926,-0.077630,-0.690661,0.427443,0.898566,1.213283,0.060845,0.107004
71,-0.077132,-0.672477,0.435902,1.019133,1.210588,0.128042,-0.150786,-0.076867,-0.692569,0.427062,0.919928,1.212139,0.084878,-0.064279
72,-0.068347,-0.673085,0.430144,1.109051,1.178023,0.291310,-0.537347,-0.074197,-0.692187,0.426299,0.964561,1.196117,0.203517,-0.367170
73,-0.059089,-0.670125,0.430999,1.206074,1.162259,0.419539,-0.713209,-0.072290,-0.686847,0.426299,1.049248,1.182002,0.380140,-0.712024
74,-0.055433,-0.661833,0.438574,1.263042,1.147818,0.523001,-0.839201,-0.071908,-0.676928,0.426299,1.150340,1.159876,0.493057,-0.797475
75,-0.055274,-0.657999,0.441862,1.266636,1.135867,0.593093,-0.927377,-0.074578,-0.672732,0.426299,1.222057,1.121347,0.584611,-0.883688
76,-0.047186,-0.657689,0.440224,1.265764,1.115750,0.676465,-1.035016,-0.074197,-0.670062,0.426299,1.254482,1.110285,0.642596,-0.998131
77,-0.044191,-0.658092,0.446351,1.247415,1.107502,0.635223,-1.008803,-0.071908,-0.670443,0.426299,1.256008,1.111048,0.684176,-1.073663
78,-0.059417,-0.660800,0.475448,1.143717,1.105665,0.526575,-0.794989,-0.069619,-0.670443,0.427825,1.251431,1.112192,0.621233,-0.976768
79,-0.083898,-0.662106,0.484543,1.026855,1.109467,0.440705,-0.541880,-0.073434,-0.662051,0.433547,1.205272,1.095789,0.520905,-0.675021
80,-0.081990,-0.662642,0.484185,1.031919,1.111854,0.383656,-0.354899,-0.078393,-0.659762,0.433928,1.125544,1.093881,0.447662,-0.425536
81,-0.079954,-0.657463,0.481776,1.036151,1.113122,0.343968,-0.219263,-0.077249,-0.662051,0.433928,1.067178,1.096551,0.379377,-0.281338
82,-0.082276,-0.654597,0.477433,1.034229,1.114606,0.314990,-0.128944,-0.074960,-0.662051,0.433928,1.045815,1.096933,0.347333,-0.189403
83,-0.081729,-0.654035,0.478197,1.034847,1.116067,0.294793,-0.066283,-0.075341,-0.660143,0.433928,1.043145,1.096551,0.347333,-0.110819
84,-0.080185,-0.654370,0.475526,1.034209,1.117200,0.282242,-0.023018,-0.074960,-0.659762,0.433928,1.043145,1.096551,0.341993,-0.068093
85,-0.080892,-0.652286,0.466141,1.018551,1.117665,0.241305,0.047248,-0.074960,-0.659762,0.433928,1.043145,1.096551,0.307279,-0.041772
86,-0.080946,-0.646639,0.455448,1.007601,1.117377,0.132313,0.177407,-0.074960,-0.657855,0.433928,1.042763,1.096933,0.262264,0.055123
87,-0.076005,-0.640459,0.399688,1.056017,1.114710,0.012672,0.296283,-0.077249,-0.657855,0.433928,1.040093,1.107614,0.150874,0.211910
88,-0.059094,-0.651142,0.380128,1.169172,1.111358,-0.072134,0.383281,-0.076486,-0.657473,0.432021,1.039712,1.107996,0.013924,0.333600
89,-0.059094,-0.651142,0.380128,1.169172,1.111358,-0.072134,0.383281,-0.069238,-0.659762,0.431640,1.077478,1.107996,-0.085641,0.409514
90,-0.026051,-0.686584,0.383796,1.313680,1.108494,-0.071651,0.386730,-0.055123,-0.668154,0.431640,1.168650,1.107996,-0.070001,0.407225
91,-0.001968,-0.733144,0.365231,1.425210,1.106856,-0.034768,0.292138,-0.044060,-0.696765,0.430877,1.290723,1.107996,-0.022698,0.254253
92,0.001870,-0.789261,0.363989,1.543392,1.102367,0.014252,0.066628,-0.039101,-0.741016,0.423247,1.415846,1.107614,0.036049,-0.002480
93,-0.034521,-0.858855,0.403712,1.639220,1.098512,0.075120,-0.219251,-0.041772,-0.800145,0.423247,1.531815,1.106851,0.113870,-0.288205
94,-0.081860,-0.928758,0.501969,1.673501,1.094820,0.117342,-0.400305,-0.054742,-0.855077,0.434310,1.615358,1.093500,0.156214,-0.454528
95,-0.118986,-0.972957,0.559656,1.670661,1.092073,0.145262,-0.525777,-0.086404,-0.910773,0.464065,1.650835,1.088922,0.176051,-0.555619
96,-0.132246,-0.989055,0.580177,1.673914,1.089869,0.163954,-0.607709,-0.111200,-0.948920,0.494583,1.658083,1.088922,0.176432,-0.621233
97,-0.131604,-0.989147,0.581507,1.683737,1.087722,0.178400,-0.663512,-0.113489,-0.961509,0.506409,1.658846,1.088922,0.192836,-0.665103
98,-0.127158,-0.984277,0.578066,1.692929,1.083915,0.196963,-0.730515,-0.113489,-0.961509,0.506409,1.659609,1.088540,0.193217,-0.742924
99,-0.124156,-0.979606,0.576668,1.698290,1.082048,0.204167,-0.749884,-0.113489,-0.961509,0.506409,1.660754,1.088540,0.206569,-0.766957
100,-0.122643,-0.975504,0.574891,1.703264,1.080224,0.210120,-0.762080,-0.113489,-0.961509,0.506409,1.660754,1.088159,0.221828,-0.759327
101,-0.123283,-0.972499,0.573601,1.707352,1.078402,0.214735,-0.769187,-0.113489,-0.961509,0.506409,1.660754,1.088159,0.222210,-0.759709
102,-0.122471,-0.968993,0.570039,1.711491,1.074861,0.221231,-0.776579,-0.113489,-0.961509,0.506409,1.660754,1.088159,0.222210,-0.759709
103,-0.120460,-0.964948,0.562354,1.714167,1.073179,0.224288,-0.777493,-0.113489,-0.961509,0.506409,1.661517,1.088540,0.222210,-0.760090
104,-0.116417,-0.958876,0.549925,1.715855,1.071599,0.225995,-0.776992,-0.113489,-0.961509,0.506409,1.668765,1.088159,0.222210,-0.760090
105,-0.113832,-0.953184,0.542200,1.713384,1.070392,0.227622,-0.776419,-0.113489,-0.961128,0.506409,1.678302,1.087778,0.222591,-0.760090
106,-0.101038,-0.934130,0.521421,1.697104,1.067142,0.226998,-0.759794,-0.113489,-0.960746,0.506027,1.681353,1.083200,0.222210,-0.759327
107,-0.055909,-0.876867,0.443741,1.646855,1.066224,0.211108,-0.687767,-0.107004,-0.947013,0.498398,1.680209,1.066033,0.222210,-0.729572
108,0.012772,-0.779650,0.375294,1.563301,1.066893,0.176539,-0.522499,-0.089075,-0.883688,0.473220,1.662661,1.066033,0.218395,-0.584611
109,0.063404,-0.691226,0.361147,1.432389,1.070184,0.138794,-0.365426,-0.054742,-0.789845,0.423247,1.605440,1.066415,0.214580,-0.409133
110,0.082548,-0.624562,0.351225,1.151971,1.085145,0.118131,-0.267496,-0.031472,-0.703632,0.389296,1.483368,1.066796,0.192073,-0.306897
111,0.068374,-0.604148,0.366274,0.923687,1.108495,0.133116,-0.235627,-0.020790,-0.639162,0.373274,1.272412,1.075952,0.173381,-0.255016
112,0.042760,-0.604711,0.380946,0.773838,1.138965,0.167303,-0.255160,-0.008202,-0.613985,0.372892,1.045434,1.113718,0.165751,-0.243572
113,0.002923,-0.613951,0.419019,0.634375,1.170781,0.188647,-0.257009,0.005150,-0.612078,0.372892,0.851644,1.149195,0.178340,-0.258831
114,-0.048927,-0.624424,0.450635,0.500672,1.229718,0.203807,-0.227468,0.004768,-0.614748,0.375944,0.690280,1.178569,0.192836,-0.254635
115,-0.074123,-0.633885,0.481361,0.464118,1.256354,0.198076,-0.192627,-0.004387,-0.618181,0.404173,0.566682,1.227016,0.198558,-0.213436
116,-0.084507,-0.637646,0.495892,0.440609,1.276937,0.180380,-0.111437,-0.013161,-0.623903,0.434310,0.493820,1.255245,0.192073,-0.171092
117,-0.086567,-0.632386,0.484392,0.436177,1.275745,0.150095,0.014933,-0.021553,-0.623903,0.453765,0.454528,1.262112,0.183680,-0.047112
118,-0.080375,-0.626098,0.424147,0.459931,1.268596,0.107067,0.167491,-0.034524,-0.625811,0.453384,0.442321,1.261730,0.138285,0.100137
119,-0.087588,-0.643854,0.368402,0.454000,1.267007,0.060836,0.303799,-0.045586,-0.630007,0.449187,0.443084,1.261730,0.106622,0.247387
120,-0.099690,-0.689928,0.338304,0.454885,1.272612,0.021517,0.408647,-0.058175,-0.632296,0.416762,0.443465,1.262112,0.061990,0.348478
121,-0.108413,-0.750504,0.331708,0.485498,1.282152,-0.005177,0.475184,-0.071145,-0.649081,0.387007,0.443465,1.261730,0.028038,0.432784
122,-0.111828,-0.806771,0.320838,0.562951,1.291807,-0.013434,0.503891,-0.074960,-0.699435,0.383192,0.462158,1.262493,0.008583,0.475509
123,-0.103245,-0.850401,0.306060,0.674538,1.301240,-0.013483,0.499819,-0.074960,-0.764668,0.374037,0.505264,1.268597,-0.010872,0.503357
124,-0.074389,-0.875521,0.278836,0.857811,1.304398,-0.015626,0.478262,-0.073816,-0.828756,0.344663,0.583467,1.273556,-0.010491,0.502213
125,-0.044146,-0.875236,0.244239,1.031623,1.298263,-0.016272,0.449470,-0.071908,-0.873770,0.308423,0.714313,1.273556,-0.015450,0.500687
126,-0.022881,-0.858208,0.214914,1.197382,1.268329,0.003982,0.367793,-0.072671,-0.885595,0.269131,0.877584,1.273556,-0.007439,0.491531
127,-0.010852,-0.826540,0.174771,1.388803,1.241330,0.046832,0.278818,-0.071145,-0.881399,0.239757,1.050393,1.272030,0.010491,0.337034
128,-0.016722,-0.798765,0.149055,1.484908,1.215184,0.089585,0.189185,-0.060082,-0.864614,0.220302,1.231975,1.249905,0.064279,0.246624
129,-0.029906,-0.791164,0.165669,1.536564,1.189956,0.104403,0.145357,-0.058175,-0.832189,0.195506,1.378080,1.241894,0.126841,0.161555
130,-0.047152,-0.800265,0.185894,1.544476,1.166143,0.104392,0.139483,-0.058556,-0.813497,0.194743,1.480697,1.207179,0.147440,0.127985
131,-0.047152,-0.800265,0.185894,1.544476,1.166143,0.104392,0.139483,-0.058175,-0.809300,0.194743,1.527237,1.181621,0.147059,0.128367
132,-0.056989,-0.810216,0.211461,1.504282,1.144454,0.133022,0.098467,-0.058175,-0.809682,0.195506,1.529526,1.157969,0.158122,0.118830
133,-0.054873,-0.817475,0.228080,1.375163,1.134760,0.179158,-0.026810,-0.064660,-0.810445,0.195888,1.473449,1.148432,0.223735,-0.065805
134,-0.037749,-0.812711,0.251494,1.200732,1.137421,0.218180,-0.174228,-0.069238,-0.809682,0.197795,1.362821,1.148051,0.260739,-0.247005
135,-0.011609,-0.796513,0.274145,1.037660,1.149924,0.261934,-0.339048,-0.070001,-0.809300,0.204662,1.207942,1.148051,0.293164,-0.366026
136,0.015985,-0.762825,0.294037,0.899497,1.174568,0.312739,-0.544005,-0.060464,-0.805867,0.204662,1.046197,1.149195,0.319486,-0.568589
137,0.046966,-0.716297,0.271772,0.797302,1.185229,0.271380,-0.486347,-0.028420,-0.773823,0.204662,0.924887,1.159495,0.303082,-0.500687
138,0.089124,-0.661265,0.274550,0.779853,1.194264,0.219210,-0.384198,0.012398,-0.725757,0.204662,0.840200,1.161021,0.226787,-0.317960
139,0.130992,-0.605199,0.286378,0.741062,1.203329,0.190494,-0.290904,0.056649,-0.676928,0.204662,0.783360,1.184291,0.213817,-0.293927
140,0.140026,-0.574315,0.337670,0.634688,1.229345,0.212265,-0.224058,0.085641,-0.624666,0.236324,0.721561,1.207942,0.237469,-0.221447
141,0.123490,-0.582298,0.384639,0.496029,1.246402,0.267417,-0.258018,0.094415,-0.593767,0.301175,0.624666,1.209850,0.283627,-0.261883
142,0.124400,-0.596517,0.366684,0.416028,1.259981,0.310895,-0.207337,0.099374,-0.579271,0.343900,0.524720,1.257916,0.317578,-0.263027
143,0.139226,-0.622134,0.320951,0.387335,1.269023,0.327523,-0.091873,0.114633,-0.580797,0.348478,0.452621,1.261349,0.325589,-0.102045
144,0.158388,-0.661165,0.248928,0.402748,1.281611,0.322411,0.109527,0.135233,-0.601015,0.324445,0.415236,1.272412,0.322919,0.096704
145,0.160063,-0.690781,0.188319,0.418166,1.284481,0.314093,0.186023,0.147822,-0.640688,0.269894,0.402266,1.272030,0.322538,0.194362
146,0.150609,-0.719954,0.115516,0.452881,1.283661,0.312206,0.244298,0.147059,-0.684176,0.206950,0.407988,1.272412,0.320249,0.218013
147,0.142240,-0.739055,0.075428,0.493558,1.281380,0.306859,0.293976,0.146296,-0.717365,0.146677,0.433928,1.272030,0.320249,0.314527
148,0.127234,-0.754297,0.050017,0.519642,1.277961,0.301819,0.332307,0.141718,-0.744831,0.100519,0.464065,1.272030,0.319867,0.327497
149,0.107291,-0.770930,0.031016,0.540657,1.274136,0.295879,0.364818,0.140955,-0.759327,0.070382,0.494583,1.272030,0.319867,0.338941
150,0.081896,-0.797703,0.017204,0.550064,1.270246,0.290184,0.388558,0.131800,-0.762760,0.057412,0.514801,1.271267,0.319486,0.393492
151,0.048837,-0.839345,-0.001245,0.541481,1.267135,0.286372,0.401348,0.108911,-0.773442,0.057412,0.516327,1.271649,0.318723,0.396925
152,0.008436,-0.907618,-0.010510,0.528601,1.262759,0.281877,0.410628,0.081445,-0.802815,0.057412,0.516327,1.271649,0.303464,0.396925
153,-0.021747,-0.961321,-0.002000,0.508637,1.262466,0.280977,0.406323,0.048638,-0.856985,0.057412,0.515183,1.268597,0.289731,0.396925
154,-0.059332,-1.019783,0.014435,0.484701,1.262793,0.279333,0.398975,0.013161,-0.924125,0.057412,0.512894,1.268597,0.290875,0.396925
155,-0.110457,-1.075084,0.028402,0.471254,1.262083,0.276998,0.391884,-0.029946,-0.991264,0.057794,0.501068,1.268597,0.289349,0.397307
156,-0.168682,-1.123733,0.058486,0.475448,1.261279,0.273804,0.387594,-0.079538,-1.053826,0.057794,0.489242,1.268215,0.288586,0.397307
157,-0.232920,-1.165482,0.106054,0.467263,1.260500,0.269886,0.385727,-0.131418,-1.108377,0.059319,0.486572,1.268215,0.288968,0.396925
158,-0.310457,-1.206702,0.168347,0.437674,1.260750,0.266622,0.383701,-0.194743,-1.151865,0.069238,0.480850,1.268215,0.288586,0.396162
159,-0.400018,-1.249260,0.253162,0.409816,1.261120,0.264199,0.382735,-0.269512,-1.193828,0.119974,0.461776,1.268597,0.288586,0.395781
160,-0.527632,-1.293357,0.375711,0.375312,1.261860,0.263447,0.381195,-0.354582,-1.233501,0.200465,0.432784,1.268215,0.288205,0.393874
161,-0.655085,-1.327285,0.489231,0.371571,1.261957,0.264235,0.379956,-0.452239,-1.270504,0.297742,0.403410,1.268215,0.278286,0.393111
162,-0.789558,-1.353811,0.617766,0.369089,1.262111,0.264743,0.380010,-0.564012,-1.302930,0.404936,0.384718,1.268597,0.271420,0.392729
163,-0.929169,-1.373949,0.750598,0.358569,1.262093,0.265710,0.379975,-0.687991,-1.331922,0.523957,0.377470,1.268215,0.274472,0.393492
164,-1.062737,-1.387684,0.874308,0.347274,1.262372,0.267122,0.379611,-0.821126,-1.353285,0.647936,0.371748,1.264782,0.279431,0.392729
165,-1.187796,-1.394907,0.991187,0.338755,1.262978,0.267485,0.380238,-0.947013,-1.366636,0.764668,0.364118,1.265164,0.279049,0.393492
166,-1.300178,-1.396918,1.092293,0.333947,1.263291,0.268585,0.380649,-1.067559,-1.372740,0.881399,0.355726,1.264782,0.274853,0.393492
167,-1.414278,-1.395264,1.198404,0.336569,1.263410,0.269404,0.381275,-1.183528,-1.376936,0.990501,0.350385,1.264782,0.275235,0.393111
168,-1.516242,-1.390807,1.289208,0.340706,1.262957,0.270886,0.381624,-1.297589,-1.376936,1.096933,0.350385,1.264782,0.271801,0.393492
169,-1.608650,-1.384050,1.367176,0.360306,1.261509,0.273114,0.384031,-1.399062,-1.376936,1.193828,0.350385,1.264782,0.277142,0.393492
170,-1.683799,-1.377211,1.439425,0.378138,1.260898,0.274183,0.386377,-1.494430,-1.376936,1.278134,0.350767,1.264401,0.280575,0.393492
171,-1.731442,-1.370037,1.479983,0.443884,1.253379,0.271849,0.371705,-1.577974,-1.376936,1.353666,0.352674,1.264401,0.280575,0.393874
172,-1.722718,-1.365459,1.451755,0.547143,1.233425,0.278034,0.323508,-1.643969,-1.376936,1.409361,0.381285,1.249142,0.266461,0.393111
173,-1.712945,-1.362913,1.436882,0.582379,1.211125,0.289433,0.277347,-1.671435,-1.379225,1.415084,0.447662,1.227016,0.267224,0.327115
174,-1.691894,-1.358896,1.405779,0.657949,1.182248,0.311787,0.215834,-1.670291,-1.377317,1.413939,0.539597,1.178569,0.303845,0.200465
175,-1.653346,-1.349558,1.361286,0.782200,1.150004,0.343855,0.144263,-1.664950,-1.373884,1.412795,0.654803,1.156062,0.330549,0.126459
176,-1.619686,-1.332761,1.358876,0.942032,1.119734,0.375594,0.078239,-1.658465,-1.367399,1.404784,0.792134,1.119059,0.365644,0.095560
177,-1.607037,-1.311644,1.388804,1.076198,1.092674,0.404301,0.020026,-1.653124,-1.351377,1.404402,0.931754,1.088922,0.403792,0.021935
178,-1.600400,-1.281852,1.424675,1.198177,1.046565,0.444166,-0.067447,-1.641299,-1.320096,1.404784,1.061074,1.044289,0.438125,-0.074197
179,-1.564762,-1.261021,1.431507,1.343981,1.028363,0.464269,-0.113784,-1.617266,-1.285382,1.404784,1.197642,1.033227,0.460250,-0.094034
180,-1.484878,-1.240255,1.404514,1.489656,1.013479,0.491870,-0.182267,-1.581407,-1.259060,1.404402,1.339933,1.005760,0.492676,-0.165370
181,-1.320451,-1.215562,1.290075,1.630259,1.001231,0.518558,-0.261872,-1.483749,-1.234264,1.363584,1.482605,0.991264,0.526246,-0.260739
182,-1.097809,-1.172722,1.137428,1.731919,0.981799,0.558741,-0.370252,-1.322766,-1.198405,1.272412,1.605821,0.976387,0.552949,-0.376707
183,-0.860136,-1.118586,0.929683,1.766836,0.978327,0.580417,-0.418544,-1.122110,-1.149195,1.135462,1.693179,0.976387,0.586519,-0.443084
184,-0.646205,-1.035644,0.746020,1.771761,0.979285,0.602301,-0.464581,-0.911917,-1.086252,0.967613,1.738193,0.976387,0.609026,-0.457961
185,-0.474466,-0.931130,0.622978,1.766231,0.981636,0.624331,-0.503476,-0.726520,-1.008049,0.803578,1.748112,0.976005,0.630388,-0.501831
186,-0.331407,-0.796485,0.537032,1.745398,0.985562,0.648860,-0.538257,-0.562867,-0.908103,0.670825,1.744297,0.975242,0.643740,-0.508698
187,-0.206191,-0.711767,0.440903,1.693229,0.986724,0.650711,-0.541566,-0.422103,-0.799763,0.569352,1.735904,0.975624,0.649844,-0.543412
188,-0.108792,-0.648755,0.379392,1.647408,0.986522,0.648899,-0.536098,-0.294308,-0.708591,0.489242,1.711872,0.975242,0.648699,-0.545701
189,-0.020319,-0.596739,0.314939,1.546109,0.988610,0.626710,-0.482968,-0.185206,-0.644503,0.418288,1.661898,0.976387,0.647555,-0.534638
190,0.030935,-0.575944,0.282182,1.420905,0.997079,0.557077,-0.294203,-0.099374,-0.599870,0.369078,1.582170,0.992409,0.608263,-0.345808
191,0.026250,-0.602972,0.264114,1.319620,1.003074,0.522479,-0.176723,-0.047494,-0.588426,0.330549,1.473831,0.991646,0.541123,-0.181392
192,-0.019156,-0.664515,0.236082,1.173466,1.014392,0.488084,-0.068091,-0.025368,-0.604067,0.301556,1.350614,1.008049,0.511749,-0.121881
193,-0.090279,-0.757666,0.222851,1.005252,1.032449,0.440685,0.034216,-0.035286,-0.646410,0.291638,1.215572,1.035134,0.479706,-0.019265
194,-0.177757,-0.873288,0.252779,0.828187,1.057679,0.366781,0.137041,-0.070764,-0.723087,0.285534,1.057259,1.059930,0.400359,0.078012
195,-0.317567,-1.006010,0.342234,0.618903,1.089975,0.273794,0.233649,-0.135996,-0.826467,0.300793,0.879110,1.080529,0.315671,0.180629
196,-0.474972,-1.113340,0.472138,0.489863,1.124010,0.193173,0.311249,-0.242428,-0.943961,0.342374,0.691424,1.098840,0.214199,0.273327
197,-0.644807,-1.196062,0.612604,0.405612,1.156342,0.132997,0.367307,-0.382811,-1.069848,0.432784,0.538071,1.118296,0.141718,0.362211
198,-0.834608,-1.255859,0.764267,0.358126,1.184192,0.088903,0.403571,-0.554093,-1.184672,0.550660,0.434691,1.151865,0.111200,0.401122
199,-1.013536,-1.294528,0.908015,0.356794,1.207377,0.057979,0.428431,-0.735294,-1.269741,0.672351,0.383192,1.177043,0.099756,0.440414
200,-1.160608,-1.317080,1.023715,0.383658,1.226575,0.039974,0.451683,-0.908103,-1.322766,0.802434,0.363737,1.194209,0.061227,0.454147
201,-1.273606,-1.330390,1.111820,0.424379,1.242262,0.022467,0.485651,-1.054589,-1.342222,0.922980,0.366407,1.213664,0.034142,0.458343
202,-1.365958,-1.340544,1.187965,0.477294,1.256002,0.002596,0.522697,-1.173228,-1.344129,1.028649,0.386244,1.220912,0.021553,0.509842
203,-1.453696,-1.351390,1.263184,0.561861,1.265782,-0.013537,0.559491,-1.274701,-1.344129,1.113336,0.433165,1.241894,0.003624,0.529679
204,-1.521209,-1.360696,1.315191,0.654435,1.270685,-0.021264,0.592927,-1.362821,-1.344511,1.190013,0.502213,1.247234,-0.011254,0.542649
205,-1.573328,-1.368757,1.348133,0.785071,1.268735,-0.019271,0.616199,-1.436446,-1.344892,1.251812,0.589952,1.253719,-0.013542,0.599870
206,-1.623159,-1.375547,1.393835,0.936863,1.258583,-0.005574,0.631124,-1.501678,-1.350614,1.295300,0.702869,1.252193,-0.006294,0.610552
207,-1.680555,-1.378086,1.461259,1.083673,1.239999,0.016156,0.635519,-1.556611,-1.357862,1.334211,0.832189,1.249905,0.004387,0.610933
208,-1.717654,-1.377005,1.511663,1.206637,1.214394,0.042549,0.631381,-1.612688,-1.363203,1.385328,0.970283,1.242275,0.016213,0.611315
209,-1.707635,-1.375926,1.511017,1.322641,1.184489,0.071696,0.613208,-1.658083,-1.362058,1.434539,1.102655,1.220150,0.052071,0.609026
210,-1.625049,-1.376563,1.437470,1.476963,1.150037,0.100558,0.574426,-1.666857,-1.362440,1.448653,1.232357,1.196498,0.088312,0.605211
211,-1.484262,-1.372856,1.320047,1.613288,1.082699,0.137545,0.491051,-1.656176,-1.362821,1.444457,1.367018,1.154917,0.099756,0.593385
212,-1.381698,-1.362553,1.232792,1.739527,1.050789,0.155636,0.446339,-1.588655,-1.362821,1.381132,1.495193,1.085107,0.143626,0.464446
213,-1.304272,-1.346105,1.179134,1.829008,1.021664,0.181524,0.382258,-1.490997,-1.359770,1.318952,1.626040,1.063363,0.162318,0.436599
214,-1.204394,-1.324568,1.094026,1.887406,0.997077,0.229260,0.267680,-1.402495,-1.354810,1.257916,1.733997,1.032082,0.177958,0.359541
215,-1.084873,-1.301136,0.984158,1.895297,0.978568,0.302592,0.082717,-1.308652,-1.350996,1.180858,1.813344,1.006142,0.238994,0.221447
216,-1.049375,-1.290380,0.961729,1.892905,0.962808,0.364621,-0.074154,-1.195735,-1.327344,1.066033,1.846532,0.958839,0.382429,-0.142100
217,-0.881189,-1.261585,0.822130,1.870307,0.954135,0.444107,-0.312271,-1.056115,-1.283856,0.947013,1.867895,0.953880,0.480850,-0.378233
218,-0.632625,-1.199663,0.655054,1.831040,0.950903,0.525110,-0.517955,-0.869955,-1.230831,0.800908,1.860266,0.939002,0.550660,-0.552567
219,-0.447310,-1.114430,0.547325,1.796790,0.947383,0.571792,-0.659852,-0.681506,-1.165980,0.670062,1.829747,0.931373,0.584230,-0.683032
220,-0.334818,-1.038859,0.477291,1.741648,0.945096,0.534532,-0.667953,-0.519379,-1.091211,0.578508,1.790455,0.931373,0.548753,-0.670825
221,-0.283629,-0.998066,0.422738,1.695843,0.942751,0.468202,-0.557503,-0.405699,-1.036660,0.520142,1.750401,0.931373,0.477417,-0.566300
222,-0.278049,-0.989597,0.388844,1.670651,0.940710,0.381628,-0.293585,-0.337415,-1.006142,0.483520,1.718357,0.935187,0.390440,-0.271801
223,-0.316314,-0.996915,0.375023,1.675897,0.932187,0.304488,-0.018063,-0.322156,-1.005379,0.452239,1.695850,0.934806,0.297360,0.015450
224,-0.395077,-1.035845,0.392217,1.636397,0.925943,0.245969,0.178287,-0.346189,-1.013008,0.435836,1.668002,0.930610,0.261883,0.221447
225,-0.524733,-1.111562,0.478608,1.578235,0.921427,0.209941,0.314550,-0.404173,-1.040093,0.440414,1.631380,0.930991,0.226024,0.278668
226,-0.650512,-1.171415,0.579105,1.569395,0.914817,0.187051,0.414627,-0.498398,-1.099603,0.480850,1.602007,0.930610,0.190929,0.408370
227,-0.744015,-1.203829,0.662663,1.584046,0.906664,0.171178,0.487092,-0.609407,-1.164073,0.534257,1.581788,0.929847,0.190929,0.516327
228,-0.783964,-1.216261,0.704692,1.603213,0.898672,0.160557,0.538482,-0.704013,-1.207561,0.581559,1.581025,0.930228,0.187877,0.533112
229,-0.790518,-1.217498,0.713971,1.613821,0.891361,0.153040,0.574541,-0.758564,-1.216716,0.615892,1.585222,0.928702,0.186732,0.563630
230,-0.787762,-1.215212,0.713772,1.612032,0.885478,0.148387,0.599180,-0.773442,-1.216716,0.637255,1.593614,0.908484,0.187114,0.584230
231,-0.783125,-1.212409,0.711909,1.610712,0.880225,0.145780,0.615786,-0.773060,-1.216716,0.642977,1.596284,0.908484,0.157740,0.586519
232,-0.792190,-1.213202,0.723419,1.602029,0.875906,0.141124,0.624557,-0.773060,-1.216716,0.649462,1.595903,0.903906,0.158503,0.599870
233,-0.833465,-1.224111,0.769008,1.577786,0.872724,0.139388,0.626288,-0.779927,-1.217098,0.660525,1.594759,0.895514,0.157359,0.607500
234,-0.905130,-1.241544,0.838804,1.541327,0.871772,0.137877,0.622373,-0.818074,-1.217479,0.713550,1.586748,0.893225,0.156977,0.606737
235,-0.964653,-1.253639,0.888650,1.524109,0.871229,0.138071,0.618011,-0.871481,-1.221294,0.778782,1.562715,0.893225,0.157359,0.605211
236,-0.990523,-1.257994,0.910329,1.525494,0.870261,0.139014,0.614362,-0.916114,-1.231212,0.829137,1.542115,0.892844,0.157359,0.607500
237,-0.991930,-1.258133,0.913979,1.528885,0.869180,0.138693,0.611943,-0.941291,-1.236934,0.846685,1.534867,0.892844,0.156596,0.606355
238,-0.988067,-1.256269,0.909954,1.524097,0.868723,0.138505,0.610101,-0.955406,-1.243420,0.846685,1.534485,0.892462,0.156977,0.607118
239,-0.981402,-1.253883,0.902140,1.524020,0.868124,0.137916,0.609731,-0.959220,-1.244182,0.846685,1.534104,0.892844,0.157359,0.606355
240,-0.979859,-1.251531,0.899646,1.522884,0.867599,0.137473,0.609088,-0.959220,-1.244182,0.846685,1.534104,0.892844,0.156977,0.606737
241,-0.982673,-1.249756,0.902960,1.523422,0.866776,0.135694,0.610291,-0.959220,-1.244182,0.846685,1.534104,0.892462,0.156977,0.606737
242,-0.987987,-1.249338,0.908219,1.524607,0.866175,0.135034,0.611616,-0.959220,-1.244182,0.846685,1.534104,0.892844,0.157359,0.606737
243,-1.006321,-1.251065,0.923633,1.519509,0.865624,0.134326,0.613331,-0.959602,-1.244182,0.846685,1.534104,0.892462,0.156977,0.606737
244,-1.066659,-1.256473,0.972181,1.505967,0.865540,0.134460,0.614644,-0.973335,-1.244182,0.855077,1.532578,0.891318,0.156977,0.607118
245,-1.199019,-1.267430,1.087526,1.490055,0.866711,0.135850,0.620416,-1.030938,-1.244564,0.905432,1.519608,0.885214,0.156596,0.606737
246,-1.418795,-1.274701,1.308239,1.480293,0.867149,0.138720,0.625842,-1.132029,-1.247234,1.007286,1.502441,0.884833,0.153544,0.607500
247,-1.594435,-1.270029,1.464016,1.470199,0.867472,0.141226,0.633860,-1.287289,-1.252956,1.170176,1.489090,0.881781,0.146296,0.608644
248,-1.711827,-1.259606,1.563769,1.467176,0.868094,0.144430,0.640753,-1.444076,-1.256390,1.325818,1.483749,0.881781,0.148966,0.611315
249,-1.785735,-1.246187,1.570796,1.468598,0.868645,0.149202,0.651156,-1.576448,-1.256008,1.440261,1.483749,0.882162,0.151255,0.611315
250,-1.815393,-1.238479,1.570796,1.472482,0.867858,0.151880,0.655011,-1.672580,-1.255245,1.494812,1.483749,0.882162,0.149729,0.611696
251,-1.833012,-1.232506,1.570796,1.474457,0.866737,0.155358,0.658558,-1.738193,-1.255245,1.507401,1.483368,0.882544,0.150111,0.620089
252,-1.846026,-1.228366,1.570796,1.467957,0.866196,0.158062,0.660921,-1.782826,-1.255245,1.507401,1.483368,0.882162,0.150492,0.653277
253,-1.859912,-1.224187,1.570796,1.461250,0.865579,0.162399,0.663717,-1.812200,-1.255245,1.507401,1.483368,0.882162,0.152018,0.658999
254,-1.883008,-1.220338,1.570796,1.455625,0.865669,0.164508,0.664876,-1.824025,-1.254482,1.507401,1.483368,0.882162,0.154688,0.658999
255,-1.908637,-1.215337,1.570796,1.455970,0.865549,0.166167,0.666831,-1.828985,-1.249142,1.507401,1.476883,0.882162,0.154688,0.657473
256,-1.934011,-1.209405,1.570796,1.451764,0.865615,0.167915,0.668356,-1.846532,-1.240368,1.507401,1.463912,0.882162,0.162318,0.656329
257,-1.967466,-1.200062,1.570796,1.434344,0.866560,0.169586,0.669737,-1.874380,-1.238460,1.507401,1.462768,0.882162,0.165751,0.656329
258,-1.967466,-1.200062,1.570796,1.434344,0.866560,0.169586,0.669737,-1.907568,-1.237697,1.507401,1.456283,0.882544,0.166133,0.656329
259,-2.000472,-1.187358,1.570796,1.416993,0.867559,0.172274,0.671560,-1.940375,-1.225109,1.507401,1.436446,0.882162,0.168421,0.657092
260,-2.030412,-1.175332,1.570796,1.406676,0.868801,0.176408,0.673275,-1.970512,-1.207942,1.507401,1.417754,0.882162,0.168803,0.658999
261,-2.047702,-1.167148,1.570796,1.402378,0.870062,0.179421,0.674394,-1.996071,-1.195354,1.507401,1.410887,0.882544,0.169184,0.659380
262,-2.061276,-1.161075,1.570796,1.394336,0.871601,0.182332,0.675348,-2.015145,-1.188487,1.507401,1.410506,0.882544,0.170710,0.659380
263,-2.080944,-1.154244,1.570796,1.379422,0.873770,0.185538,0.675952,-2.029259,-1.188487,1.507401,1.406691,0.882544,0.176051,0.658618
264,-2.093462,-1.149351,1.570796,1.371353,0.875756,0.188651,0.676872,-2.040703,-1.188106,1.507401,1.392195,0.882544,0.176814,0.659380
265,-2.102467,-1.146713,1.570796,1.360600,0.878514,0.190245,0.676404,-2.051003,-1.187724,1.507401,1.377699,0.882544,0.176432,0.658618
266,-2.108546,-1.144474,1.570796,1.349175,0.881636,0.192404,0.677108,-2.055962,-1.187724,1.507401,1.365873,0.882544,0.176432,0.659380
267,-2.126468,-1.138485,1.570796,1.305207,0.887318,0.193213,0.679708,-2.056725,-1.178569,1.507401,1.342985,0.882925,0.176432,0.659380
268,-2.153469,-1.127293,1.570796,1.246630,0.896258,0.194145,0.681856,-2.071221,-1.159113,1.507401,1.301404,0.884070,0.176432,0.656710
269,-2.187449,-1.111512,1.570796,1.182589,0.908694,0.195380,0.683934,-2.100977,-1.139277,1.507401,1.250286,0.897803,0.176814,0.658999
270,-2.220098,-1.094866,1.570796,1.138514,0.922716,0.197329,0.684746,-2.137217,-1.124018,1.507401,1.196498,0.897803,0.176814,0.659380
271,-2.245427,-1.077877,1.570796,1.117384,0.948119,0.200092,0.686304,-2.174220,-1.116770,1.507401,1.153773,0.926795,0.176814,0.659762
272,-2.262187,-1.068365,1.570796,1.112698,0.959635,0.200845,0.687849,-2.203212,-1.111048,1.507401,1.125162,0.939765,0.195506,0.659762
273,-2.271025,-1.063020,1.570796,1.116714,0.969655,0.200999,0.690346,-2.224193,-1.106470,1.507401,1.117914,0.939765,0.195125,0.659762
274,-2.271345,-1.061935,1.570796,1.114409,0.979268,0.200433,0.691017,-2.232967,-1.104944,1.507401,1.117914,0.962654,0.195125,0.659762
275,-2.271906,-1.062228,1.570796,1.119899,0.994993,0.201172,0.692074,-2.232967,-1.104944,1.507401,1.117914,0.984398,0.195125,0.659380
276,-2.269937,-1.064058,1.570796,1.120580,1.001522,0.201666,0.692061,-2.232967,-1.105325,1.507401,1.117914,0.984779,0.195125,0.659762
277,-2.269357,-1.065355,1.570796,1.117710,1.007665,0.202211,0.691332,-2.232967,-1.104944,1.507401,1.117914,0.984779,0.195125,0.659762
278,-2.267704,-1.066593,1.570796,1.120000,1.013056,0.202254,0.690672,-2.232967,-1.105325,1.507401,1.117914,0.985161,0.195125,0.659762
279,-2.269318,-1.067071,1.570796,1.122410,1.021938,0.202635,0.690781,-2.232967,-1.105325,1.507401,1.117914,0.992409,0.195125,0.659762
280,-2.267897,-1.068583,1.570796,1.112253,1.026419,0.202474,0.688555,-2.232967,-1.105325,1.507401,1.117914,1.012245,0.195125,0.659380
281,-2.247014,-1.076578,1.570796,1.061843,1.034518,0.212093,0.650589,-2.232967,-1.104944,1.507401,1.110666,1.012245,0.197414,0.654040
282,-2.218385,-1.089739,1.570796,0.969466,1.048557,0.223495,0.566649,-2.232586,-1.105325,1.507401,1.072519,1.035134,0.228695,0.597963
283,-2.177765,-1.103558,1.570796,0.832769,1.070197,0.232565,0.461876,-2.227245,-1.104944,1.507401,1.002327,1.051156,0.239757,0.485428
284,-2.134741,-1.111921,1.570796,0.661633,1.099647,0.236077,0.326695,-2.213512,-1.104944,1.507401,0.892081,1.072900,0.242428,0.376326
285,-2.085247,-1.117805,1.570796,0.512163,1.134222,0.233072,0.155906,-2.184138,-1.105325,1.507401,0.745594,1.101511,0.248913,0.233654
286,-2.012585,-1.127896,1.570796,0.367566,1.171929,0.244558,-0.058876,-2.139124,-1.109140,1.507401,0.596437,1.128977,0.233272,0.072671
287,-1.929398,-1.143121,1.570796,0.261138,1.238982,0.272349,-0.368047,-2.080377,-1.114099,1.507401,0.450713,1.170176,0.250057,-0.187877
288,-1.839022,-1.160051,1.570796,0.188256,1.268390,0.292304,-0.495098,-1.999123,-1.122873,1.507401,0.335508,1.232738,0.275616,-0.478180
289,-1.730965,-1.180327,1.512828,0.160439,1.294776,0.304675,-0.588724,-1.892691,-1.134699,1.507401,0.251202,1.254864,0.286297,-0.535019
290,-1.609044,-1.199787,1.426969,0.163201,1.318819,0.315732,-0.662268,-1.795796,-1.159113,1.502441,0.199702,1.257153,0.297742,-0.609407
291,-1.456325,-1.215276,1.299403,0.179858,1.339780,0.319838,-0.710008,-1.685168,-1.187343,1.465820,0.178340,1.299496,0.306897,-0.689899
292,-1.263142,-1.223322,1.131476,0.221423,1.357684,0.315636,-0.737055,-1.553559,-1.209850,1.381895,0.174907,1.315518,0.307660,-0.713169
293,-1.040125,-1.217903,0.941495,0.280020,1.373797,0.303508,-0.742028,-1.399062,-1.217098,1.246853,0.184825,1.322766,0.306516,-0.711643
294,-0.829683,-1.195629,0.779404,0.357049,1.387328,0.287674,-0.727600,-1.212902,-1.219387,1.081674,0.228313,1.336881,0.305753,-0.719654
295,-0.592424,-1.138523,0.594137,0.454433,1.403632,0.268411,-0.691998,-1.014916,-1.212520,0.919165,0.292782,1.353285,0.295834,-0.717746
296,-0.437444,-1.089916,0.452992,0.532201,1.408003,0.254753,-0.645431,-0.812352,-1.185435,0.748264,0.368315,1.370451,0.269894,-0.673495
297,-0.290113,-1.026507,0.351987,0.573225,1.412825,0.230555,-0.514495,-0.633440,-1.138514,0.597581,0.446136,1.382277,0.262646,-0.644121
298,-0.161614,-0.952710,0.291772,0.595392,1.414464,0.196857,-0.298594,-0.475128,-1.071374,0.475128,0.513657,1.384947,0.258068,-0.467498
299,-0.034325,-0.869368,0.207843,0.623994,1.414960,0.155445,-0.079289,-0.340467,-0.997749,0.383574,0.563630,1.384565,0.220302,-0.224880
300,-0.005197,-0.835968,0.200691,0.624809,1.416045,0.123642,0.080723,-0.211147,-0.923362,0.295834,0.599107,1.385328,0.180629,-0.016594
301,0.067606,-0.789937,0.200262,0.643823,1.417479,0.126146,0.167234,-0.094415,-0.851263,0.250057,0.619326,1.385328,0.149348,0.233272
302,0.145675,-0.732617,0.190232,0.640208,1.416876,0.185844,0.143717,0.008583,-0.799763,0.219158,0.621233,1.385328,0.195888,0.150874
303,0.183968,-0.686376,0.166365,0.557744,1.417792,0.254792,0.068193,0.085260,-0.740253,0.208095,0.593385,1.386091,0.273709,0.035668
304,0.207819,-0.654805,0.161926,0.452851,1.419070,0.313980,0.004510,0.134470,-0.680743,0.208095,0.529679,1.386473,0.337034,-0.009728
305,0.228249,-0.631807,0.162015,0.322377,1.418942,0.391901,-0.061085,0.165370,-0.643740,0.208095,0.433547,1.386854,0.414473,-0.088693
306,0.265481,-0.623497,0.146463,0.208819,1.416688,0.422909,-0.074423,0.195125,-0.625811,0.208095,0.325208,1.400587,0.442321,-0.100519
307,0.313198,-0.615402,0.103889,0.156941,1.413321,0.446884,-0.078245,0.237087,-0.621996,0.174525,0.236324,1.400206,0.451476,-0.100519
308,0.384573,-0.603458,0.039461,0.113844,1.408118,0.462752,-0.068543,0.293164,-0.622759,0.116541,0.169566,1.399825,0.466735,-0.092126
309,0.441973,-0.600273,-0.021511,0.074199,1.396398,0.484343,-0.061770,0.355344,-0.621996,0.055123,0.117685,1.399062,0.478561,-0.067330
310,0.500283,-0.615944,-0.076123,0.057243,1.389896,0.490852,-0.057330,0.417906,-0.622377,-0.002861,0.081445,1.387236,0.483139,-0.070764
311,0.551231,-0.640569,-0.113236,0.033874,1.382314,0.497385,-0.059392,0.477417,-0.624285,-0.051690,0.052453,1.381132,0.483902,-0.070001
312,0.607740,-0.676244,-0.140270,0.024740,1.374360,0.503075,-0.062028,0.531205,-0.629625,-0.087167,0.030709,1.380369,0.487335,-0.071145
313,0.664581,-0.716008,-0.178198,0.021998,1.366607,0.508208,-0.067857,0.584230,-0.644503,-0.119211,0.023842,1.380369,0.488861,-0.074960
314,0.709293,-0.752000,-0.212269,0.034745,1.360052,0.511867,-0.070792,0.635348,-0.676165,-0.152781,0.023079,1.372358,0.492294,-0.076867
315,0.730647,-0.778587,-0.231164,0.044342,1.354210,0.518423,-0.075905,0.680362,-0.719272,-0.182536,0.023079,1.354047,0.491913,-0.074578
316,0.734981,-0.796343,-0.235030,0.049258,1.349240,0.525279,-0.079648,0.708591,-0.761616,-0.199702,0.023079,1.342603,0.492676,-0.074960
317,0.724758,-0.802668,-0.226492,0.057516,1.341150,0.535454,-0.086774,0.717746,-0.790608,-0.199702,0.023079,1.331540,0.504120,-0.074578
318,0.706280,-0.795049,-0.202701,0.065918,1.337436,0.537290,-0.082943,0.717365,-0.797856,-0.199321,0.028038,1.331540,0.542267,-0.074578
319,0.676211,-0.775341,-0.175061,0.078387,1.335173,0.523612,-0.037944,0.716983,-0.794423,-0.198939,0.038720,1.331540,0.533875,-0.059701
320,0.626194,-0.737783,-0.153722,0.095516,1.330017,0.495679,0.016204,0.707828,-0.787175,-0.195506,0.040246,1.331159,0.510224,0.007057
321,0.555698,-0.685366,-0.139362,0.110290,1.315836,0.460303,0.076799,0.675021,-0.769627,-0.192073,0.040246,1.306744,0.465209,0.096323
322,0.469986,-0.633219,-0.133633,0.114838,1.296987,0.426495,0.139157,0.621996,-0.733387,-0.180247,0.042916,1.286526,0.451858,0.143244
323,0.357654,-0.596049,-0.078547,0.124568,1.277392,0.396850,0.190601,0.551423,-0.678454,-0.163081,0.058175,1.272030,0.403792,0.181773
324,0.258147,-0.590904,-0.012512,0.144788,1.259564,0.357097,0.242213,0.459869,-0.623522,-0.109674,0.071908,1.266690,0.360304,0.221447
325,0.170371,-0.613903,0.010685,0.152294,1.241780,0.304300,0.291074,0.361830,-0.588808,-0.055123,0.091363,1.265927,0.329023,0.247005
326,0.091924,-0.658108,0.016363,0.181811,1.227533,0.261696,0.332090,0.260739,-0.588045,-0.023842,0.116922,1.241894,0.287823,0.274853
327,0.031960,-0.728078,0.062156,0.157683,1.222321,0.275422,0.354474,0.166896,-0.610933,-0.002861,0.144007,1.239605,0.267224,0.327115
328,-0.000750,-0.816889,0.066402,0.148429,1.224734,0.315165,0.345955,0.081827,-0.667391,0.030709,0.145151,1.233883,0.307279,0.319867
329,-0.010216,-0.917762,0.076734,0.135546,1.231260,0.356675,0.316239,0.023842,-0.753605,0.041390,0.145151,1.233883,0.358778,0.310330
330,-0.009244,-1.015457,0.065192,0.127270,1.238605,0.384493,0.289356,-0.000191,-0.860037,0.041390,0.145151,1.233883,0.395399,0.314527
331,-0.018924,-1.109777,0.040015,0.121370,1.247866,0.401826,0.266647,-0.003243,-0.971427,0.041390,0.143626,1.234264,0.401503,0.288586
332,-0.048514,-1.184345,0.049004,0.122574,1.257715,0.407423,0.256433,-0.004005,-1.074426,0.041390,0.132181,1.234264,0.401503,0.287442
333,-0.087902,-1.245341,0.069395,0.116529,1.266934,0.408117,0.252298,-0.016976,-1.164073,0.041390,0.121881,1.234264,0.401503,0.284390
334,-0.130234,-1.298403,0.088545,0.109881,1.275469,0.407870,0.248299,-0.046731,-1.234646,0.041390,0.116541,1.235027,0.402266,0.285153
335,-0.182109,-1.347055,0.126868,0.104995,1.283365,0.405394,0.247269,-0.082971,-1.286526,0.041772,0.115778,1.250286,0.406844,0.284771
336,-0.264689,-1.390690,0.198761,0.098509,1.290448,0.403018,0.245469,-0.132944,-1.326963,0.076486,0.115778,1.253338,0.412947,0.279431
337,-0.378464,-1.429048,0.301501,0.093942,1.296639,0.400855,0.244228,-0.201228,-1.362058,0.137140,0.110819,1.253719,0.412947,0.263027
338,-0.555694,-1.467266,0.472639,0.084557,1.302129,0.399396,0.242742,-0.287060,-1.394102,0.220684,0.104334,1.253719,0.405699,0.259594
339,-0.769845,-1.494895,0.680392,0.086558,1.306750,0.398322,0.241125,-0.417144,-1.424620,0.346952,0.096704,1.276608,0.403029,0.259213
340,-1.024067,-1.508635,0.926748,0.084784,1.310908,0.396211,0.240597,-0.589570,-1.454757,0.517472,0.093271,1.279278,0.402647,0.259213
341,-1.300742,-1.509081,1.192306,0.086101,1.313313,0.390174,0.244191,-0.802434,-1.478027,0.728046,0.090219,1.283474,0.403410,0.259594
342,-1.413135,-1.506515,1.275891,0.092039,1.314410,0.381419,0.254805,-1.045434,-1.490234,0.967231,0.087549,1.287289,0.395399,0.259976
343,-1.571448,-1.499590,1.428647,0.110382,1.314233,0.365013,0.276875,-1.293011,-1.491760,1.199931,0.087930,1.290341,0.365644,0.267987
344,-1.735242,-1.488378,1.570796,0.182684,1.309740,0.338747,0.310668,-1.495193,-1.491379,1.386854,0.119211,1.290723,0.334363,0.299649
345,-1.792442,-1.476184,1.570796,0.285599,1.300580,0.318354,0.341863,-1.629473,-1.490997,1.481842,0.187877,1.290341,0.311093,0.347333
346,-1.802760,-1.459321,1.570796,0.384174,1.283429,0.303806,0.363180,-1.705768,-1.488708,1.519989,0.276761,1.278134,0.304227,0.360685
347,-1.781839,-1.444035,1.533268,0.485535,1.257689,0.291791,0.383875,-1.724460,-1.480697,1.521515,0.371366,1.256390,0.295834,0.380140
348,-1.703215,-1.425009,1.410221,0.660357,1.224053,0.280433,0.400533,-1.716831,-1.471160,1.486419,0.496490,1.222438,0.265316,0.378233
349,-1.650343,-1.401186,1.336142,0.815137,1.188275,0.267454,0.417405,-1.696231,-1.456283,1.424239,0.641833,1.191539,0.262646,0.412566
350,-1.625304,-1.374690,1.315603,0.978685,1.151339,0.264246,0.427258,-1.674868,-1.426146,1.375029,0.797856,1.147669,0.258831,0.426299
351,-1.598103,-1.339149,1.310149,1.130114,1.081434,0.262369,0.433342,-1.651217,-1.386473,1.346799,0.955024,1.087778,0.261883,0.427062
352,-1.549741,-1.314196,1.291075,1.286867,1.050375,0.274606,0.422149,-1.619936,-1.342603,1.330014,1.110666,1.058785,0.266842,0.424392
353,-1.489218,-1.285307,1.290742,1.433084,1.023105,0.301972,0.372872,-1.578737,-1.307126,1.322004,1.264401,1.030938,0.292782,0.393111
354,-1.415643,-1.260715,1.271834,1.519994,1.001108,0.337976,0.282073,-1.523804,-1.277371,1.313611,1.396010,1.014153,0.351530,0.261883
355,-1.291310,-1.236004,1.198698,1.587373,0.986570,0.378837,0.151269,-1.435683,-1.247234,1.278897,1.497101,0.998131,0.387770,0.130274
356,-1.122746,-1.204219,1.102758,1.649618,0.976275,0.424494,-0.009040,-1.318570,-1.222820,1.215572,1.568055,0.978294,0.426299,-0.000572
357,-0.923310,-1.150431,0.956139,1.679011,0.970079,0.466686,-0.197569,-1.165980,-1.198024,1.109522,1.615358,0.968376,0.464828,-0.193217
358,-0.706138,-1.050732,0.780922,1.698975,0.966921,0.511086,-0.379275,-0.984398,-1.140803,0.970283,1.642824,0.961509,0.504883,-0.377470
359,-0.531639,-0.926196,0.658232,1.703449,0.965827,0.549482,-0.523845,-0.800145,-1.042763,0.828756,1.656939,0.961128,0.546464,-0.523575
360,-0.381582,-0.817561,0.608099,1.713282,0.965576,0.579833,-0.640998,-0.639544,-0.933280,0.724231,1.671435,0.960365,0.565919,-0.607500
361,-0.218316,-0.745501,0.566663,1.712270,0.966723,0.619308,-0.750972,-0.486191,-0.831807,0.648699,1.682498,0.960365,0.610933,-0.729572
362,-0.095442,-0.709610,0.556264,1.695179,0.971088,0.672766,-0.849949,-0.333982,-0.757420,0.607500,1.685168,0.960746,0.663958,-0.838293
363,0.012043,-0.667970,0.558778,1.685174,0.976382,0.723739,-0.928366,-0.193217,-0.714313,0.596437,1.684787,0.961509,0.700198,-0.914588
364,0.098616,-0.595830,0.554148,1.657782,0.983301,0.740696,-0.981140,-0.071908,-0.675402,0.591859,1.684405,0.964942,0.733768,-0.984779
365,0.149341,-0.511799,0.595707,1.600254,0.994798,0.718288,-0.996743,0.025368,-0.612078,0.588808,1.671435,0.964942,0.734913,-1.004234
366,0.148241,-0.464124,0.730325,1.537554,1.012684,0.658275,-0.946023,0.084878,-0.538834,0.608263,1.633288,0.977150,0.718128,-0.983253
367,0.090268,-0.471671,0.910457,1.470106,1.035682,0.574884,-0.814273,0.098230,-0.496490,0.700198,1.581025,0.990501,0.631151,-0.864614
368,0.008941,-0.484463,1.082226,1.402202,1.076669,0.451329,-0.590209,0.084115,-0.488479,0.834859,1.526093,1.029030,0.539979,-0.691424
369,-0.037953,-0.472551,1.137824,1.363633,1.093418,0.412084,-0.466250,0.048257,-0.485428,0.977150,1.462005,1.069085,0.434691,-0.515946
370,-0.081004,-0.456423,1.149298,1.346272,1.107929,0.409497,-0.369065,0.015450,-0.484665,1.066033,1.410124,1.086633,0.419432,-0.408370
371,-0.117185,-0.458171,1.175193,1.397315,1.117565,0.415370,-0.299045,-0.021172,-0.485428,1.110666,1.384947,1.097696,0.417906,-0.353437
372,-0.120822,-0.478214,1.152251,1.472234,1.128322,0.461469,-0.291705,-0.057031,-0.481613,1.136606,1.388762,1.098459,0.438888,-0.308423
373,-0.089932,-0.519485,1.115441,1.517513,1.130420,0.529404,-0.393852,-0.080301,-0.483139,1.134318,1.423095,1.097696,0.493439,-0.320249
374,-0.014944,-0.575610,0.985641,1.491738,1.131482,0.592527,-0.491698,-0.085641,-0.495346,1.116388,1.470779,1.098077,0.582704,-0.456435
375,0.067676,-0.603651,0.794620,1.505007,1.129497,0.616819,-0.536458,-0.056649,-0.517090,1.045815,1.496719,1.129358,0.640688,-0.580034
376,0.123455,-0.608471,0.638312,1.518390,1.125374,0.606279,-0.509471,0.008202,-0.552186,0.914206,1.506638,1.134699,0.639162,-0.564012
377,0.133060,-0.599846,0.558117,1.522810,1.122585,0.578270,-0.470537,0.064279,-0.583085,0.767720,1.506256,1.134318,0.619707,-0.517853
378,0.117620,-0.589449,0.535193,1.481437,1.121640,0.508196,-0.393272,0.091745,-0.594530,0.649844,1.505875,1.130503,0.581941,-0.448806
379,0.077548,-0.582958,0.544922,1.369717,1.124845,0.404040,-0.304745,0.090600,-0.593385,0.581178,1.502441,1.130121,0.515183,-0.363355
380,-0.024971,-0.580787,0.599250,1.187097,1.135041,0.227001,-0.193758,0.073434,-0.593004,0.562104,1.457046,1.130503,0.425154,-0.280575
381,-0.150919,-0.576919,0.669751,1.042459,1.145575,0.136563,-0.166910,0.022698,-0.586900,0.564775,1.339933,1.131647,0.239376,-0.203136
382,-0.282922,-0.567647,0.741182,0.976501,1.158578,0.076725,-0.177909,-0.055505,-0.587663,0.600633,1.177424,1.132029,0.132944,-0.172618
383,-0.391047,-0.571862,0.835110,0.993997,1.171574,0.045366,-0.214167,-0.148203,-0.588045,0.661288,1.050393,1.150340,0.060845,-0.175669
384,-0.478576,-0.584035,0.917327,1.038181,1.182498,0.036982,-0.271677,-0.244717,-0.590715,0.741779,1.000801,1.150340,0.035286,-0.206950
385,-0.478576,-0.584035,0.917327,1.038181,1.182498,0.036982,-0.271677,-0.348096,-0.593004,0.824178,1.003090,1.169795,0.039101,-0.300793
386,-0.529456,-0.587316,0.959592,1.119772,1.189880,0.039732,-0.315684,-0.435073,-0.592622,0.884451,1.047723,1.169413,0.042535,-0.317578
387,-0.562333,-0.581929,0.996329,1.231251,1.193380,0.063749,-0.363483,-0.502976,-0.595293,0.921454,1.125544,1.178569,0.073816,-0.327115
388,-0.599013,-0.572829,1.049584,1.312533,1.195091,0.100976,-0.435913,-0.562867,-0.592622,0.959220,1.213283,1.178950,0.126078,-0.453384
389,-0.629145,-0.560688,1.084746,1.319760,1.197477,0.139213,-0.512488,-0.609789,-0.575837,1.000801,1.280423,1.178950,0.179866,-0.539597
390,-0.642271,-0.545938,1.118071,1.327787,1.199437,0.182712,-0.579441,-0.633440,-0.554475,1.037041,1.313993,1.178950,0.216487,-0.568589
391,-0.639271,-0.531860,1.126578,1.271122,1.204285,0.212564,-0.626950,-0.639544,-0.540742,1.058404,1.314755,1.179332,0.240902,-0.644121
392,-0.632433,-0.521961,1.121243,1.217372,1.211055,0.232410,-0.650341,-0.638781,-0.535019,1.074807,1.289960,1.179713,0.244717,-0.661288
393,-0.627858,-0.520030,1.117416,1.207989,1.217685,0.250880,-0.659860,-0.637255,-0.531968,1.074807,1.253719,1.194209,0.254253,-0.661669
394,-0.627793,-0.523874,1.117532,1.181414,1.224267,0.259574,-0.625276,-0.637255,-0.530060,1.074426,1.227016,1.194591,0.268368,-0.644503
395,-0.621528,-0.527539,1.105920,1.087955,1.232293,0.238090,-0.439907,-0.633440,-0.523957,1.074807,1.186580,1.205653,0.269894,-0.477798
396,-0.609959,-0.521669,1.080821,1.002150,1.240890,0.214909,-0.167300,-0.634203,-0.520523,1.074426,1.117914,1.217098,0.254253,-0.152399
397,-0.595650,-0.499234,1.015120,0.875403,1.243235,0.190478,0.133753,-0.634203,-0.510605,1.060693,1.017586,1.227779,0.226406,0.156596
398,-0.573993,-0.473650,0.867870,0.808018,1.236346,0.174573,0.364209,-0.624285,-0.500687,1.000801,0.916114,1.230831,0.188640,0.340467
399,-0.560029,-0.466580,0.747681,0.762704,1.226863,0.179984,0.520214,-0.604448,-0.491531,0.895514,0.839437,1.228923,0.192073,0.522049
400,-0.548654,-0.473784,0.685624,0.805229,1.216917,0.197778,0.619629,-0.591859,-0.494202,0.791752,0.804723,1.227016,0.193217,0.635729
401,-0.533514,-0.495166,0.671799,0.910506,1.208215,0.255900,0.607778,-0.583085,-0.505646,0.722705,0.818456,1.207561,0.236706,0.642977
402,-0.524486,-0.537379,0.675895,1.055403,1.192481,0.386241,0.328939,-0.567445,-0.532731,0.688373,0.882544,1.173228,0.350004,0.431640
403,-0.538018,-0.603769,0.770248,1.245215,1.190103,0.511261,-0.018729,-0.560197,-0.575837,0.690280,0.999657,1.175135,0.452621,0.041772
404,-0.572113,-0.676906,0.931609,1.389113,1.189279,0.660691,-0.338180,-0.566300,-0.623140,0.747883,1.166743,1.165980,0.628481,-0.269894
405,-0.593857,-0.724660,1.041051,1.471816,1.186322,0.816416,-0.577746,-0.594148,-0.663958,0.853170,1.327726,1.159495,0.784504,-0.545319
406,-0.566366,-0.724488,1.013411,1.489295,1.177219,0.989161,-0.862650,-0.603685,-0.676165,0.933661,1.438354,1.143091,0.784886,-0.796330
407,-0.530015,-0.683209,0.952680,1.442823,1.172830,0.900051,-0.865339,-0.584993,-0.673495,0.964179,1.472305,1.172847,0.784504,-0.947776
408,-0.515823,-0.649378,0.947118,1.350396,1.172608,0.780230,-0.741221,-0.549516,-0.670062,0.964179,1.451324,1.170558,0.784123,-0.794804
409,-0.520028,-0.620698,0.952233,1.128839,1.183463,0.646806,-0.542069,-0.539216,-0.648318,0.962272,1.372740,1.159876,0.758183,-0.612459
410,-0.543752,-0.595682,0.950354,0.892196,1.225938,0.383179,-0.279863,-0.541505,-0.609407,0.962272,1.222057,1.179332,0.574311,-0.374800
411,-0.567548,-0.586462,0.980725,0.691887,1.258160,0.250972,-0.216959,-0.554093,-0.577363,0.962272,1.019875,1.199550,0.318723,-0.188640
412,-0.568312,-0.576509,0.996064,0.602895,1.289423,0.172173,-0.213445,-0.562104,-0.578508,0.962272,0.817693,1.255627,0.219921,-0.190929
413,-0.558386,-0.575870,0.999738,0.577606,1.317561,0.178312,-0.334917,-0.557527,-0.589189,0.962272,0.671969,1.280804,0.153544,-0.225261
414,-0.549661,-0.586939,0.998116,0.595412,1.365357,0.242177,-0.557667,-0.554093,-0.606737,0.962272,0.596056,1.325818,0.176432,-0.438506
415,-0.534539,-0.606979,0.980670,0.676017,1.378582,0.277278,-0.638441,-0.550660,-0.615129,0.962272,0.583848,1.363584,0.252728,-0.654421
416,-0.498296,-0.635199,0.945250,0.783157,1.380167,0.284779,-0.658885,-0.544556,-0.614748,0.962272,0.624285,1.367018,0.281720,-0.672351
417,-0.435852,-0.664194,0.865045,0.897098,1.369820,0.413629,-0.788902,-0.531205,-0.626955,0.958839,0.710880,1.368925,0.315671,-0.687610
418,-0.362838,-0.700224,0.835953,0.977605,1.345194,0.586278,-0.957382,-0.502594,-0.643740,0.913825,0.814260,1.351377,0.483139,-0.860800
419,-0.270304,-0.706659,0.735728,0.994385,1.322692,0.574555,-0.941596,-0.455291,-0.662432,0.871099,0.916114,1.314374,0.637255,-1.017967
420,-0.186974,-0.688481,0.628016,1.012647,1.300896,0.511091,-0.833722,-0.376326,-0.664721,0.802815,0.970665,1.311322,0.587663,-0.922217
421,-0.139417,-0.663964,0.617495,1.016354,1.286894,0.425347,-0.515162,-0.288586,-0.665103,0.716220,0.993553,1.288052,0.514038,-0.772679
422,-0.151626,-0.629260,0.637130,0.885704,1.272871,0.317677,0.130075,-0.218776,-0.660143,0.671588,0.999657,1.273175,0.428206,-0.395018
423,-0.187649,-0.608061,0.598065,0.757106,1.266703,0.297093,0.354723,-0.190547,-0.628481,0.670443,0.955406,1.249142,0.334745,0.282864
424,-0.195763,-0.597837,0.570130,0.745349,1.262595,0.299057,0.484227,-0.193980,-0.625429,0.631914,0.855840,1.249523,0.321775,0.402647
425,-0.192604,-0.606054,0.565966,0.785718,1.257702,0.339214,0.453632,-0.190929,-0.626192,0.605592,0.786793,1.248760,0.321775,0.511749
426,-0.196123,-0.630472,0.549231,0.842978,1.250930,0.409087,0.179711,-0.189403,-0.627718,0.583085,0.769627,1.249142,0.327115,0.486954
427,-0.196123,-0.630472,0.549231,0.842978,1.250930,0.409087,0.179711,-0.190929,-0.642596,0.568208,0.783360,1.241131,0.415236,0.105097
428,-0.200291,-0.669030,0.566929,0.884156,1.241764,0.527221,-0.193138,-0.190929,-0.654040,0.568589,0.825322,1.238079,0.554475,-0.268368
429,-0.185225,-0.693514,0.576025,0.929823,1.223119,0.714521,-0.496277,-0.190547,-0.661669,0.569352,0.872625,1.223583,0.732242,-0.554856
430,-0.145103,-0.680410,0.499263,0.921915,1.193554,0.656968,-0.545553,-0.187495,-0.659762,0.568589,0.914206,1.206035,0.705539,-0.589952
431,-0.124316,-0.636636,0.403101,0.831279,1.149906,0.579441,-0.450582,-0.182155,-0.638018,0.514038,0.894369,1.161402,0.597581,-0.443847
432,-0.141685,-0.553410,0.253804,0.756490,1.093634,0.497087,-0.286657,-0.182536,-0.598726,0.401884,0.840963,1.105325,0.527771,-0.277142
433,-0.187202,-0.464737,0.113378,0.687462,1.035009,0.401457,-0.112949,-0.192836,-0.537690,0.258450,0.777256,1.035897,0.440032,-0.068093
434,-0.212652,-0.416291,0.071846,0.656792,0.980889,0.316755,0.033412,-0.206569,-0.489624,0.152018,0.722705,0.982109,0.351530,0.076104
435,-0.219099,-0.394285,0.067529,0.649626,0.932827,0.244442,0.143471,-0.207332,-0.460632,0.102426,0.691043,0.945869,0.274472,0.159648
436,-0.213529,-0.404111,0.131664,0.703292,0.870802,0.158031,0.276816,-0.207713,-0.439651,0.099756,0.683413,0.889792,0.175669,0.281338
437,-0.208598,-0.465430,0.300504,0.673677,0.897184,0.109890,0.334416,-0.207332,-0.450332,0.164607,0.681125,0.887503,0.129511,0.345808
438,-0.240823,-0.573048,0.563671,0.477245,0.964545,0.102399,0.342203,-0.228313,-0.495346,0.332837,0.623903,0.963035,0.142863,0.316434
439,-0.312092,-0.663671,0.863671,0.428292,1.025170,0.165010,0.239411,-0.263027,-0.567445,0.570497,0.535019,1.013771,0.176814,0.225261
440,-0.399628,-0.729603,1.163671,0.396741,1.128839,0.255009,0.001276,-0.304608,-0.650225,0.819219,0.463302,1.084726,0.250057,0.048257
441,-0.436580,-0.736019,1.358475,0.393932,1.173035,0.281161,-0.103555,-0.358015,-0.715457,1.064126,0.419814,1.154536,0.301556,-0.127222
442,-0.431327,-0.739587,1.303563,0.507213,1.212811,0.288643,-0.159093,-0.383192,-0.743687,1.202983,0.421340,1.190394,0.269512,-0.135233
443,-0.371399,-0.723644,1.016296,0.565644,1.215872,0.257291,-0.155821,-0.375563,-0.747501,1.171702,0.461776,1.209087,0.245480,-0.148585
444,-0.296782,-0.657395,0.716296,0.532981,1.153568,0.216932,-0.130603,-0.348478,-0.722324,1.003090,0.496872,1.178187,0.238613,-0.151255
445,-0.252719,-0.564620,0.372407,0.504184,1.095096,0.203247,-0.081822,-0.321775,-0.658236,0.757420,0.502976,1.122873,0.228313,-0.112345
446,-0.254207,-0.483713,0.200384,0.473918,1.035069,0.169671,-0.019887,-0.308423,-0.574693,0.501450,0.502213,1.055734,0.217250,-0.029564
447,-0.255902,-0.445998,0.145761,0.456236,0.979805,0.132708,0.031886,-0.307660,-0.508316,0.322156,0.502213,1.001564,0.194743,0.009346
448,-0.246877,-0.434289,0.133877,0.454318,0.930977,0.103986,0.067421,-0.305371,-0.472839,0.226024,0.502213,0.956931,0.143626,0.023079
449,-0.239752,-0.438592,0.152967,0.474981,0.898731,0.086171,0.100684,-0.301938,-0.458343,0.188640,0.500305,0.932517,0.116541,0.077249
450,-0.239451,-0.477940,0.288718,0.473016,0.905677,0.076834,0.156928,-0.298123,-0.461013,0.199702,0.500305,0.908865,0.107385,0.120737
451,-0.263942,-0.554323,0.494098,0.380138,0.972189,0.077550,0.169374,-0.297742,-0.481231,0.278286,0.485428,0.937476,0.110056,0.158503
452,-0.350421,-0.680454,0.844098,0.302553,1.085924,0.124410,0.083553,-0.307279,-0.535019,0.459869,0.430877,1.019112,0.125315,0.132181
453,-0.425576,-0.713177,1.144098,0.280989,1.134411,0.142459,0.015995,-0.329786,-0.620470,0.713931,0.364881,1.098840,0.157740,0.005913
454,-0.469510,-0.720980,1.418689,0.263592,1.178050,0.155851,-0.041409,-0.369078,-0.686465,0.984779,0.308423,1.131647,0.157740,-0.000954
455,-0.488324,-0.719417,1.483669,0.276993,1.217324,0.166889,-0.081433,-0.410658,-0.725757,1.225872,0.266842,1.175898,0.157359,-0.028038
456,-0.493775,-0.714813,1.468507,0.290157,1.252672,0.173932,-0.103468,-0.440795,-0.739109,1.359388,0.254635,1.215953,0.156596,-0.092889
457,-0.488854,-0.710731,1.409878,0.314563,1.284484,0.175468,-0.107821,-0.452621,-0.737201,1.407073,0.257687,1.239986,0.174144,-0.099756
458,-0.457631,-0.706575,1.213758,0.401211,1.306783,0.174194,-0.096047,-0.460250,-0.737201,1.392958,0.280194,1.271267,0.168421,-0.101282
459,-0.389709,-0.686813,0.875937,0.432043,1.291492,0.169804,-0.079384,-0.451858,-0.736820,1.277752,0.328641,1.297208,0.158122,-0.102426
460,-0.333698,-0.640569,0.604716,0.405387,1.237067,0.184431,-0.079062,-0.424392,-0.716983,1.042000,0.371748,1.281949,0.177958,-0.098611
461,-0.299812,-0.577666,0.363652,0.410842,1.175028,0.213186,-0.052222,-0.399977,-0.671969,0.797093,0.387770,1.225872,0.209239,-0.085641
462,-0.291656,-0.531164,0.235190,0.392475,1.115433,0.219717,-0.013328,-0.373655,-0.614366,0.561341,0.397307,1.167124,0.243191,-0.044060
463,-0.287347,-0.511304,0.196364,0.383433,1.062268,0.207165,0.022883,-0.359159,-0.564393,0.386244,0.397688,1.109140,0.248531,-0.014305
464,-0.278937,-0.503444,0.194278,0.385770,1.014836,0.188915,0.045916,-0.349622,-0.536927,0.288205,0.397307,1.068322,0.237469,-0.000954
465,-0.266974,-0.500472,0.215526,0.431007,0.947861,0.154225,0.077442,-0.337034,-0.526627,0.243954,0.397688,1.018730,0.228695,0.038720
466,-0.214179,-0.520188,0.341436,0.605405,0.942759,0.167651,0.065075,-0.322156,-0.527008,0.240520,0.404936,0.956550,0.178721,0.073053
467,-0.148311,-0.549208,0.396817,0.788500,0.949325,0.208197,-0.013790,-0.268750,-0.537690,0.275998,0.487716,0.949683,0.178340,0.079156
468,-0.112920,-0.578606,0.431003,0.910699,0.965531,0.253176,-0.139985,-0.205425,-0.554475,0.327497,0.628862,0.950065,0.221447,-0.022698
469,-0.112920,-0.578606,0.431003,0.910699,0.965531,0.253176,-0.139985,-0.164988,-0.568589,0.372129,0.771916,0.963035,0.274853,-0.197032
470,-0.111398,-0.599788,0.480479,0.991144,0.983564,0.292518,-0.259971,-0.153925,-0.574693,0.419051,0.887121,0.965705,0.313764,-0.299268
471,-0.137767,-0.608822,0.526468,1.018628,1.001794,0.326190,-0.347540,-0.155451,-0.580034,0.462158,0.966850,0.968376,0.362593,-0.387388
472,-0.197201,-0.615843,0.597262,0.987468,1.021067,0.343997,-0.390396,-0.172618,-0.582322,0.520142,0.991646,1.008049,0.385481,-0.395781
473,-0.282080,-0.618735,0.678143,0.919257,1.040795,0.342306,-0.395610,-0.213436,-0.585374,0.590715,0.968757,1.028649,0.368315,-0.396162
474,-0.366893,-0.617455,0.747740,0.810107,1.062765,0.326592,-0.392267,-0.274853,-0.585374,0.662051,0.908103,1.038567,0.364118,-0.396162
475,-0.447528,-0.608219,0.817661,0.672997,1.085981,0.297199,-0.388183,-0.351911,-0.583467,0.730716,0.808156,1.070993,0.329404,-0.395781
476,-0.503031,-0.588519,0.860822,0.566157,1.108154,0.258862,-0.389432,-0.425536,-0.581941,0.786030,0.692950,1.072519,0.281338,-0.396162
477,-0.525509,-0.566757,0.889561,0.544054,1.127533,0.225980,-0.403151,-0.475128,-0.582322,0.822271,0.608644,1.106470,0.241665,-0.390440
478,-0.525768,-0.548440,0.908643,0.573171,1.144021,0.210162,-0.450128,-0.499161,-0.581941,0.843633,0.575456,1.124018,0.228313,-0.411040
479,-0.518068,-0.535961,0.926269,0.634665,1.159109,0.201311,-0.498153,-0.504501,-0.579652,0.845541,0.583848,1.124399,0.228313,-0.509079
480,-0.503952,-0.533375,0.941270,0.714591,1.170375,0.189607,-0.519400,-0.504120,-0.573548,0.867666,0.626574,1.146906,0.207332,-0.519379
481,-0.490052,-0.537962,0.939514,0.732576,1.179588,0.181464,-0.529002,-0.503738,-0.567445,0.892462,0.675021,1.150340,0.206569,-0.523194
482,-0.483257,-0.538493,0.916926,0.709560,1.187423,0.179964,-0.538425,-0.504120,-0.554093,0.892081,0.699817,1.150340,0.206950,-0.527771
483,-0.475067,-0.536471,0.901422,0.717019,1.194449,0.177383,-0.541046,-0.503357,-0.548371,0.892081,0.706302,1.150721,0.206569,-0.527390
484,-0.465385,-0.530174,0.896494,0.728434,1.200093,0.171847,-0.536775,-0.503357,-0.547990,0.892081,0.706302,1.169795,0.206188,-0.527390
485,-0.457378,-0.515109,0.889342,0.725269,1.205066,0.161481,-0.517776,-0.500305,-0.544556,0.892081,0.706302,1.183909,0.205043,-0.523194
486,-0.451647,-0.495995,0.907461,0.720221,1.209355,0.150623,-0.495633,-0.498398,-0.537690,0.892081,0.706302,1.183909,0.181392,-0.518235
487,-0.449576,-0.476533,0.926520,0.698312,1.212311,0.139755,-0.472925,-0.497253,-0.525483,0.892081,0.705921,1.184672,0.164225,-0.505646
488,-0.446300,-0.463168,0.927191,0.696642,1.215064,0.129414,-0.449726,-0.494965,-0.507553,0.892081,0.705921,1.183909,0.160029,-0.464828
489,-0.448881,-0.461132,0.932595,0.675730,1.217888,0.121175,-0.433386,-0.494965,-0.491150,0.892081,0.705158,1.184291,0.160792,-0.459106
490,-0.455033,-0.463809,0.924965,0.658153,1.220389,0.114796,-0.423460,-0.493820,-0.482757,0.892081,0.704013,1.184291,0.160792,-0.459106
491,-0.459363,-0.474390,0.910706,0.647488,1.223458,0.119204,-0.435626,-0.492676,-0.479706,0.892081,0.692569,1.184672,0.160792,-0.443847
492,-0.467388,-0.498654,0.900611,0.599283,1.229360,0.133055,-0.472632,-0.493057,-0.480087,0.892081,0.669299,1.184672,0.161936,-0.451858
493,-0.473001,-0.514728,0.903969,0.509470,1.234698,0.134873,-0.476136,-0.493439,-0.481994,0.892081,0.626574,1.207179,0.165751,-0.489624
494,-0.461489,-0.528080,0.882818,0.500623,1.238325,0.132530,-0.471786,-0.491531,-0.488861,0.892081,0.567826,1.209850,0.160410,-0.493057
495,-0.429462,-0.552931,0.859742,0.539885,1.241493,0.121556,-0.468188,-0.486572,-0.512131,0.890936,0.536545,1.209850,0.151255,-0.493057
496,-0.422861,-0.568124,0.834894,0.549703,1.243590,0.108010,-0.458130,-0.474746,-0.544938,0.889410,0.536545,1.210231,0.139048,-0.488479
497,-0.441998,-0.576857,0.851972,0.546266,1.247892,0.098726,-0.460989,-0.467117,-0.567063,0.881399,0.536545,1.210613,0.119974,-0.488098
498,-0.471975,-0.575784,0.889570,0.524104,1.252984,0.096472,-0.419253,-0.467880,-0.577363,0.881781,0.536164,1.231594,0.108530,-0.475128
499,-0.480225,-0.554154,0.881901,0.572502,1.244037,0.128001,-0.376124,-0.468643,-0.576982,0.881781,0.536927,1.231975,0.111963,-0.388914
500,-0.465173,-0.527793,0.851448,0.729609,1.227591,0.193838,-0.434312,-0.468261,-0.577363,0.881781,0.548371,1.231594,0.154688,-0.365644
501,-0.441265,-0.508089,0.878880,0.892734,1.213729,0.269584,-0.515313,-0.464828,-0.577745,0.881781,0.624285,1.230831,0.195506,-0.451858
502,-0.417124,-0.497004,0.880080,0.901456,1.206093,0.317839,-0.596891,-0.457198,-0.562486,0.881781,0.751698,1.223201,0.296216,-0.564012
503,-0.374455,-0.494407,0.849982,0.903204,1.192059,0.408083,-0.731895,-0.456817,-0.518235,0.881781,0.842107,1.194591,0.373655,-0.640688
504,-0.324542,-0.507848,0.846244,0.886288,1.189603,0.391615,-0.716865,-0.453765,-0.484665,0.881781,0.891699,1.174372,0.454528,-0.791371
505,-0.280244,-0.527963,0.849644,0.815087,1.192426,0.330829,-0.617807,-0.424773,-0.478561,0.881781,0.913443,1.174754,0.427443,-0.710498
506,-0.223580,-0.537226,0.802686,0.797397,1.196288,0.276847,-0.549762,-0.382048,-0.485809,0.880636,0.884451,1.171702,0.350385,-0.568208
507,-0.198112,-0.540130,0.823972,0.758709,1.201553,0.238223,-0.554570,-0.322919,-0.504883,0.848974,0.847066,1.173228,0.290494,-0.547990
508,-0.214519,-0.527012,0.866809,0.730239,1.204380,0.252210,-0.624987,-0.272946,-0.527390,0.844015,0.802815,1.177043,0.256924,-0.549516
509,-0.245236,-0.497100,0.958321,0.726319,1.207405,0.281011,-0.701969,-0.242428,-0.535782,0.844396,0.753223,1.191920,0.255016,-0.657473
510,-0.263963,-0.450947,1.040120,0.746648,1.209267,0.275255,-0.715020,-0.237850,-0.533494,0.888266,0.728809,1.201839,0.282483,-0.739109
511,-0.290215,-0.394671,1.129684,0.759542,1.210786,0.245426,-0.688440,-0.243954,-0.510986,0.952735,0.728809,1.201457,0.280957,-0.727665
512,-0.290215,-0.394671,1.129684,0.759542,1.210786,0.245426,-0.688440,-0.255398,-0.464065,1.032464,0.728809,1.201457,0.257687,-0.699435
513,-0.307729,-0.348307,1.200136,0.762054,1.213614,0.197137,-0.625846,-0.268750,-0.404173,1.110285,0.730716,1.201839,0.216106,-0.645266
514,-0.336375,-0.308714,1.307838,0.743516,1.226243,0.097407,-0.485523,-0.287060,-0.344663,1.205272,0.733768,1.202602,0.110056,-0.464446
515,-0.376514,-0.286290,1.364163,0.716105,1.243310,0.007859,-0.351057,-0.313001,-0.303845,1.283856,0.733768,1.222438,0.023079,-0.345426
516,-0.421055,-0.277010,1.392752,0.684874,1.264778,-0.050267,-0.239579,-0.345045,-0.285534,1.338025,0.730335,1.252193,-0.030327,-0.254253
517,-0.455320,-0.274549,1.392725,0.669585,1.285588,-0.070971,-0.169389,-0.379377,-0.285153,1.357862,0.717365,1.254482,-0.041772,-0.190547
518,-0.473123,-0.273300,1.379692,0.646798,1.306124,-0.086815,-0.118164,-0.416381,-0.285153,1.357862,0.690280,1.288434,-0.063897,-0.125696
519,-0.491155,-0.266922,1.365148,0.611305,1.325502,-0.097145,-0.084208,-0.453384,-0.285153,1.356718,0.654803,1.312467,-0.070764,-0.088693
520,-0.506001,-0.261132,1.353399,0.597646,1.342831,-0.101131,-0.058353,-0.482376,-0.285153,1.356718,0.626192,1.315518,-0.078012,-0.063134
521,-0.514172,-0.261622,1.346842,0.627268,1.354153,-0.097836,-0.052739,-0.501068,-0.285534,1.356718,0.618944,1.338025,-0.078393,-0.057412
522,-0.529296,-0.263987,1.325487,0.647019,1.353035,-0.067297,-0.115548,-0.511368,-0.285534,1.352903,0.622377,1.340696,-0.061608,-0.102426
523,-0.557860,-0.270907,1.306009,0.648091,1.348546,-0.005929,-0.257816,-0.523957,-0.285916,1.352903,0.622377,1.340696,-0.002480,-0.269512
524,-0.601627,-0.286667,1.337968,0.648032,1.344063,0.067699,-0.415334,-0.538453,-0.285916,1.352903,0.622377,1.340314,0.077249,-0.452239
525,-0.624173,-0.292564,1.369868,0.610676,1.338613,0.126705,-0.532812,-0.556764,-0.285916,1.353285,0.621233,1.339933,0.137140,-0.539979
526,-0.622249,-0.289201,1.380414,0.585629,1.340281,0.149833,-0.601497,-0.580415,-0.285916,1.353285,0.618181,1.339933,0.160410,-0.605592
527,-0.612685,-0.281323,1.393107,0.557781,1.342873,0.165143,-0.650041,-0.599870,-0.285534,1.355192,0.604067,1.339933,0.185969,-0.643359
528,-0.590394,-0.267657,1.404923,0.525442,1.346384,0.173237,-0.681774,-0.604448,-0.285153,1.355192,0.579271,1.339551,0.188640,-0.662051
529,-0.572557,-0.250089,1.408834,0.491691,1.351215,0.172815,-0.698817,-0.603304,-0.282483,1.355192,0.543793,1.339933,0.188258,-0.697528
530,-0.556357,-0.232199,1.415334,0.475536,1.355406,0.167267,-0.702351,-0.598344,-0.279431,1.355192,0.511368,1.340314,0.184062,-0.709735
531,-0.537068,-0.204407,1.430368,0.449173,1.361962,0.155987,-0.699168,-0.589952,-0.270275,1.357099,0.483520,1.340314,0.184443,-0.706302
532,-0.519079,-0.178308,1.451946,0.431440,1.368740,0.147067,-0.694008,-0.584230,-0.248150,1.375029,0.456435,1.340696,0.177195,-0.705539
533,-0.504822,-0.158994,1.470025,0.420511,1.374655,0.142002,-0.690641,-0.572786,-0.219539,1.404402,0.438125,1.341077,0.158885,-0.702487
534,-0.484317,-0.144025,1.488794,0.422893,1.377897,0.144031,-0.692807,-0.555238,-0.193217,1.429580,0.433547,1.344511,0.158503,-0.702869
535,-0.474333,-0.137844,1.497746,0.428362,1.380552,0.141962,-0.690176,-0.533112,-0.171473,1.449035,0.433928,1.344511,0.159266,-0.703250
536,-0.475253,-0.139837,1.503245,0.435912,1.384020,0.126764,-0.671615,-0.510605,-0.157740,1.455901,0.433928,1.358625,0.157740,-0.705158
537,-0.484233,-0.147284,1.506696,0.440914,1.394683,0.071577,-0.596692,-0.496490,-0.155833,1.456283,0.433928,1.359388,0.138666,-0.685321
538,-0.498878,-0.158092,1.505173,0.468279,1.405556,0.028462,-0.505288,-0.492294,-0.156977,1.456283,0.434310,1.368544,0.057794,-0.558671
539,-0.516480,-0.175320,1.506493,0.487382,1.422080,-0.023983,-0.401595,-0.496109,-0.158885,1.456283,0.440414,1.393339,0.022316,-0.448043
540,-0.530461,-0.189585,1.506071,0.492592,1.436951,-0.070249,-0.322099,-0.503357,-0.161936,1.456283,0.455291,1.393721,-0.033379,-0.363737
541,-0.537623,-0.199427,1.504816,0.492398,1.450336,-0.112991,-0.269483,-0.507172,-0.163844,1.456283,0.467117,1.423857,-0.069619,-0.293927
542,-0.537777,-0.200682,1.499749,0.487653,1.462382,-0.144880,-0.236739,-0.510224,-0.166514,1.455901,0.471313,1.434539,-0.109293,-0.268368
543,-0.533962,-0.197746,1.496914,0.483446,1.473223,-0.159877,-0.228219,-0.510224,-0.169947,1.455901,0.471313,1.442550,-0.139429,-0.249294
544,-0.530127,-0.196753,1.496780,0.490696,1.482981,-0.169601,-0.227756,-0.509842,-0.172618,1.455901,0.471313,1.457046,-0.148585,-0.249676
545,-0.531178,-0.197302,1.495405,0.488781,1.491762,-0.189399,-0.218673,-0.509842,-0.177195,1.455901,0.471313,1.460861,-0.153162,-0.249294
546,-0.528175,-0.197875,1.498056,0.500071,1.499666,-0.206195,-0.187096,-0.509842,-0.178340,1.456283,0.471313,1.475357,-0.184062,-0.247768
547,-0.527138,-0.197018,1.494722,0.499719,1.506779,-0.204621,-0.169450,-0.509842,-0.178340,1.456283,0.471313,1.475738,-0.193599,-0.192073
548,-0.529045,-0.197018,1.488041,0.505542,1.511430,-0.193478,-0.188615,-0.510224,-0.178340,1.455901,0.471313,1.475738,-0.193599,-0.168040
549,-0.524970,-0.194583,1.479227,0.517478,1.505522,-0.176923,-0.216352,-0.509461,-0.178340,1.455901,0.471695,1.497101,-0.193217,-0.186732
550,-0.510658,-0.186650,1.469299,0.534196,1.483551,-0.149910,-0.245411,-0.509842,-0.178721,1.455901,0.474365,1.497101,-0.177958,-0.212291
551,-0.493234,-0.177131,1.447110,0.544078,1.452946,-0.116113,-0.274638,-0.509461,-0.178340,1.455901,0.490387,1.496338,-0.148966,-0.247005
552,-0.486333,-0.169043,1.430850,0.554449,1.420394,-0.087051,-0.294863,-0.509079,-0.177958,1.453994,0.507553,1.457809,-0.101282,-0.284771
553,-0.487167,-0.161849,1.419607,0.552769,1.389474,-0.066836,-0.306608,-0.508698,-0.177577,1.453231,0.524720,1.425002,-0.071527,-0.291638
554,-0.487167,-0.161849,1.419607,0.552769,1.389474,-0.066836,-0.306608,-0.508698,-0.177195,1.453231,0.531586,1.396773,-0.049401,-0.292020
555,-0.489897,-0.158746,1.420012,0.550934,1.360782,-0.054440,-0.314076,-0.508698,-0.176432,1.453231,0.531586,1.366636,-0.047494,-0.292401
556,-0.486595,-0.159850,1.418801,0.559606,1.331031,-0.041870,-0.316750,-0.508698,-0.175669,1.453231,0.531586,1.337263,-0.046731,-0.306134
557,-0.487048,-0.161187,1.418000,0.565215,1.302994,-0.031914,-0.318868,-0.506790,-0.175669,1.453231,0.531586,1.311322,-0.045968,-0.317197
558,-0.484505,-0.161675,1.410543,0.574965,1.273936,-0.021838,-0.324602,-0.504120,-0.175669,1.452850,0.531586,1.285000,-0.015831,-0.317197
559,-0.483183,-0.159318,1.405019,0.598362,1.248446,-0.014281,-0.329356,-0.503738,-0.175669,1.452850,0.545701,1.259442,-0.010109,-0.317578
560,-0.487752,-0.156246,1.406957,0.593601,1.225126,-0.008616,-0.330731,-0.503738,-0.175288,1.452850,0.564393,1.235790,-0.005913,-0.317578
561,-0.491464,-0.156032,1.406360,0.589692,1.204781,-0.007412,-0.323293,-0.503738,-0.175288,1.452850,0.570497,1.214427,-0.004387,-0.317578
562,-0.493455,-0.157392,1.396348,0.607194,1.186960,-0.014779,-0.307840,-0.503738,-0.175288,1.452087,0.570497,1.198024,-0.006676,-0.316815
563,-0.493247,-0.154463,1.364128,0.635312,1.153559,-0.028012,-0.284919,-0.501068,-0.175288,1.429961,0.580797,1.169795,-0.018120,-0.308804
564,-0.492957,-0.145128,1.311653,0.671041,1.136215,-0.033790,-0.275679,-0.501068,-0.175288,1.386854,0.605592,1.153010,-0.016976,-0.309186
565,-0.497826,-0.134094,1.263423,0.715007,1.118308,-0.036133,-0.269245,-0.501068,-0.174907,1.337263,0.646410,1.133555,-0.017357,-0.306516
566,-0.504117,-0.123187,1.216578,0.762312,1.099189,-0.033352,-0.263331,-0.501068,-0.167277,1.285382,0.690280,1.112192,-0.016976,-0.297360
567,-0.514038,-0.113183,1.171407,0.822478,1.081003,-0.026713,-0.259629,-0.501450,-0.154688,1.238842,0.738727,1.110285,-0.016594,-0.271420
568,-0.523118,-0.105386,1.143955,0.875994,1.063592,-0.017035,-0.257158,-0.504120,-0.143626,1.198024,0.794804,1.086633,-0.010872,-0.271038
569,-0.531983,-0.096992,1.114765,0.931378,1.046969,-0.005799,-0.254167,-0.504883,-0.134089,1.164454,0.852789,1.060311,0.012779,-0.268368
570,-0.544069,-0.090294,1.084179,0.973996,1.031480,0.006230,-0.252600,-0.507172,-0.121118,1.133173,0.906958,1.058022,0.013924,-0.267605
571,-0.558851,-0.087514,1.057261,1.001269,1.005047,0.024380,-0.251488,-0.510605,-0.108911,1.107233,0.950446,1.029030,0.024987,-0.267987
572,-0.565598,-0.087024,1.032672,1.012770,0.993164,0.031955,-0.247449,-0.522812,-0.108148,1.088540,0.982490,1.013390,0.059319,-0.268368
573,-0.566493,-0.085212,1.012565,1.044421,0.981886,0.041432,-0.241956,-0.535019,-0.108530,1.061074,1.003853,1.012627,0.057794,-0.267605
574,-0.566625,-0.082957,0.996394,1.099628,0.972385,0.052862,-0.236494,-0.543030,-0.108530,1.037423,1.025978,0.989738,0.062753,-0.254635
575,-0.570400,-0.080942,0.979195,1.169021,0.959715,0.072850,-0.228421,-0.542267,-0.108911,1.014534,1.069848,0.979820,0.070382,-0.249676
576,-0.584814,-0.083712,0.966960,1.221788,0.956537,0.079352,-0.227311,-0.546082,-0.108530,1.011101,1.125544,0.979438,0.089837,-0.250057
577,-0.601545,-0.088646,0.957462,1.237957,0.955524,0.081948,-0.224688,-0.554093,-0.108530,1.006523,1.179713,0.979820,0.095560,-0.250820
578,-0.607250,-0.089998,0.953050,1.270362,0.956431,0.085760,-0.221863,-0.568589,-0.108530,1.002708,1.217098,0.979438,0.098230,-0.250439
579,-0.614585,-0.091368,0.947363,1.312746,0.959737,0.090014,-0.221318,-0.578889,-0.108530,0.988594,1.250286,0.979438,0.099374,-0.250057
580,-0.629847,-0.095945,0.946935,1.341463,0.964740,0.092030,-0.222464,-0.588045,-0.108530,0.974479,1.280804,0.979438,0.098230,-0.250057
581,-0.649463,-0.102349,0.946973,1.358211,0.970827,0.091799,-0.224580,-0.602541,-0.108530,0.974861,1.308652,0.979820,0.110819,-0.250057
582,-0.663380,-0.110347,0.950407,1.368034,0.978132,0.095419,-0.225234,-0.616274,-0.108911,0.974861,1.331159,0.979820,0.110056,-0.250057
583,-0.686433,-0.137817,0.969081,1.383167,0.987658,0.123350,-0.229486,-0.632677,-0.110056,0.974861,1.341459,0.980201,0.110819,-0.250439
584,-0.731523,-0.185636,0.998890,1.389513,0.999356,0.162219,-0.254050,-0.649081,-0.115015,0.975242,1.351377,0.980964,0.141718,-0.251965
585,-0.781919,-0.232235,1.045586,1.404468,1.011544,0.200080,-0.288590,-0.678073,-0.143244,0.977531,1.366636,0.991646,0.190166,-0.281720
586,-0.824376,-0.268325,1.096847,1.427160,1.025092,0.227073,-0.323169,-0.724231,-0.190166,0.993172,1.383803,0.991646,0.223354,-0.299268
587,-0.846107,-0.291654,1.113604,1.437938,1.048793,0.248411,-0.365817,-0.775349,-0.239376,1.018349,1.396391,0.993935,0.240902,-0.322538
588,-0.847654,-0.295664,1.103355,1.429876,1.067012,0.231898,-0.361212,-0.812734,-0.271801,1.038186,1.400969,1.032845,0.269131,-0.377470
589,-0.857170,-0.312653,1.093982,1.421280,1.074848,0.204341,-0.330302,-0.823415,-0.278286,1.041238,1.401732,1.048486,0.252728,-0.380522
590,-0.876829,-0.344833,1.084691,1.416162,1.081509,0.172125,-0.270003,-0.823796,-0.281720,1.041238,1.401732,1.049248,0.217250,-0.329786
591,-0.908696,-0.388816,1.073269,1.375151,1.086386,0.144030,-0.189277,-0.831426,-0.300793,1.041238,1.401350,1.065652,0.187495,-0.263790
592,-0.958351,-0.448278,1.065713,1.312684,1.092690,0.108591,-0.073341,-0.850881,-0.342374,1.041238,1.399825,1.071374,0.158503,-0.185588
593,-0.958351,-0.448278,1.065713,1.312684,1.092690,0.108591,-0.073341,-0.888647,-0.393111,1.041238,1.374266,1.071374,0.137140,-0.058938
594,-1.113760,-0.568528,1.105084,1.174648,1.094753,0.082708,0.003416,-0.943580,-0.451095,1.041238,1.321622,1.071374,0.115015,-0.043679
595,-1.217754,-0.636634,1.150877,1.068909,1.096262,0.062663,0.045271,-1.011101,-0.514038,1.042763,1.250286,1.082437,0.103189,-0.034905
596,-1.305178,-0.692243,1.181646,0.964794,1.098258,0.042114,0.084097,-1.101892,-0.580034,1.075570,1.159113,1.082055,0.086404,0.049401
597,-1.327443,-0.715142,1.185180,0.946124,1.099970,0.026672,0.112438,-1.204509,-0.647555,1.118677,1.048104,1.082437,0.035668,0.108911
598,-1.406189,-0.760901,1.209116,0.855504,1.103328,0.010547,0.138968,-1.296826,-0.714694,1.148814,0.939384,1.082437,0.026131,0.121118
599,-1.484003,-0.812634,1.262211,0.781589,1.109084,-0.005336,0.160406,-1.383803,-0.775731,1.186961,0.849355,1.095789,0.010491,0.169184
600,-1.561025,-0.855191,1.316517,0.708481,1.117061,-0.021753,0.180756,-1.468490,-0.826848,1.234264,0.768101,1.097314,-0.013924,0.189403
601,-1.641633,-0.904529,1.360971,0.650850,1.133803,-0.045309,0.208556,-1.546693,-0.871481,1.283856,0.700580,1.107233,-0.020027,0.191691
602,-1.720533,-0.940217,1.410611,0.605788,1.140718,-0.051779,0.219694,-1.619554,-0.909247,1.331159,0.647555,1.123636,-0.041390,0.197414
603,-1.793568,-0.978330,1.456525,0.577584,1.146987,-0.057625,0.228849,-1.690509,-0.944343,1.378843,0.608263,1.123636,-0.045205,0.218013
604,-1.865660,-1.017688,1.505455,0.561926,1.152730,-0.064375,0.240515,-1.763752,-0.980201,1.427672,0.581941,1.124018,-0.045205,0.222972
605,-1.938977,-1.068521,1.552143,0.549504,1.162379,-0.072200,0.262592,-1.835088,-1.018730,1.476501,0.567826,1.140040,-0.055505,0.247005
606,-2.001991,-1.100120,1.570796,0.537569,1.165831,-0.075643,0.274423,-1.901465,-1.058404,1.508927,0.555619,1.149958,-0.056268,0.267605
607,-2.073997,-1.135514,1.570796,0.513162,1.168343,-0.080594,0.288828,-1.962882,-1.093118,1.514267,0.538834,1.149958,-0.056268,0.267987
608,-2.143105,-1.170483,1.570796,0.492478,1.170123,-0.084069,0.301453,-2.031548,-1.126688,1.514267,0.519760,1.150340,-0.055886,0.269894
609,-2.225058,-1.218622,1.570796,0.466628,1.172596,-0.087890,0.315401,-2.102502,-1.162165,1.514267,0.502594,1.150340,-0.056268,0.285534
610,-2.289720,-1.248346,1.570796,0.437582,1.173362,-0.088915,0.319342,-2.174220,-1.197642,1.514267,0.481231,1.161784,-0.058556,0.313382
611,-2.364779,-1.281582,1.570796,0.408671,1.173203,-0.087477,0.322603,-2.246700,-1.232357,1.514267,0.454910,1.161402,-0.063134,0.316815
612,-2.440380,-1.314320,1.570796,0.368833,1.171796,-0.082411,0.323253,-2.314984,-1.265545,1.514267,0.425917,1.161402,-0.064279,0.315671
613,-2.504734,-1.345643,1.570796,0.326959,1.168486,-0.075028,0.323920,-2.385557,-1.295682,1.514267,0.389677,1.161402,-0.063516,0.316434
614,-2.553270,-1.376842,1.570796,0.301411,1.164216,-0.065310,0.324116,-2.446975,-1.326200,1.514267,0.356870,1.161021,-0.062753,0.316434
615,-2.588659,-1.406699,1.570796,0.274994,1.158025,-0.052438,0.324330,-2.496185,-1.359770,1.514267,0.328641,1.161402,-0.047875,0.316052
616,-2.615392,-1.433320,1.570796,0.234664,1.151721,-0.042255,0.324743,-2.534333,-1.386854,1.514267,0.297360,1.160639,-0.040246,0.316434
617,-2.610418,-1.452564,1.570796,0.222924,1.144885,-0.031901,0.322745,-2.554551,-1.412032,1.514267,0.269512,1.160258,-0.040627,0.316052
618,-2.585777,-1.464598,1.570796,0.230776,1.138791,-0.025939,0.322348,-2.554551,-1.434920,1.514267,0.251583,1.159876,-0.029564,0.319104
619,-2.566190,-1.468220,1.570796,0.238246,1.131969,-0.020669,0.321763,-2.554170,-1.448653,1.514267,0.246242,1.156062,-0.025750,0.318723
620,-2.550836,-1.464753,1.570796,0.248668,1.127496,-0.020087,0.322767,-2.553788,-1.451324,1.514267,0.246624,1.156825,-0.025368,0.318723
621,-2.529867,-1.456713,1.570796,0.267065,1.124684,-0.020050,0.322502,-2.551118,-1.451324,1.514267,0.246624,1.156443,-0.025368,0.318723
622,-2.492219,-1.445975,1.570796,0.325648,1.129435,-0.013883,0.293954,-2.544251,-1.451705,1.514267,0.251965,1.156443,-0.025750,0.316052
623,-2.423561,-1.425459,1.570796,0.462304,1.143132,-0.002135,0.199696,-2.512207,-1.453231,1.514267,0.286679,1.156825,-0.026513,0.282864
624,-2.301328,-1.407140,1.570796,0.620119,1.158371,0.011526,0.063858,-2.451171,-1.456283,1.513886,0.376707,1.157588,-0.006676,0.132563
625,-2.108457,-1.389095,1.570796,0.767808,1.171211,0.029639,-0.071851,-2.346647,-1.449798,1.513886,0.517472,1.159113,0.016213,-0.010491
626,-1.855729,-1.362462,1.570796,0.855145,1.189315,0.060430,-0.265116,-2.203593,-1.421569,1.513123,0.663958,1.161784,0.062371,-0.130655
627,-1.591707,-1.338155,1.541322,0.878559,1.196076,0.079675,-0.354066,-2.025826,-1.370069,1.511215,0.780690,1.160639,0.111200,-0.313382
628,-1.295304,-1.296376,1.252217,0.859489,1.202925,0.104790,-0.442700,-1.793507,-1.302930,1.490997,0.855459,1.162547,0.126841,-0.369078
629,-0.995664,-1.225692,0.952217,0.808246,1.211852,0.125973,-0.493864,-1.512741,-1.238460,1.349470,0.874914,1.171321,0.129892,-0.497253
630,-0.642696,-1.114107,0.669439,0.721593,1.230493,0.152606,-0.499192,-1.219387,-1.181621,1.138132,0.855459,1.179713,0.146677,-0.522049
631,-0.476131,-1.024944,0.529404,0.666315,1.240387,0.157833,-0.425341,-0.937095,-1.116388,0.884833,0.790608,1.195354,0.184443,-0.489624
632,-0.383880,-0.954444,0.455105,0.616937,1.248875,0.164088,-0.333799,-0.712406,-1.050774,0.696002,0.721561,1.206416,0.168421,-0.385481
633,-0.303849,-0.894618,0.396313,0.571144,1.254218,0.174486,-0.242569,-0.547608,-0.992027,0.572023,0.657092,1.227779,0.166896,-0.301938
634,-0.211476,-0.829771,0.320695,0.531911,1.263842,0.207907,-0.100146,-0.422866,-0.939384,0.485428,0.603304,1.232738,0.174525,-0.218395
635,-0.134386,-0.802389,0.268248,0.468883,1.261918,0.231099,-0.048810,-0.321012,-0.878729,0.404936,0.560197,1.246471,0.212291,-0.050927
636,-0.051852,-0.780818,0.173711,0.373116,1.259971,0.245542,0.000218,-0.240139,-0.837530,0.338178,0.514420,1.246471,0.248913,-0.046731
637,0.022432,-0.780374,0.086654,0.288394,1.256816,0.253007,0.051055,-0.166133,-0.801289,0.261501,0.449950,1.246471,0.266461,-0.023461
638,0.022432,-0.780374,0.086654,0.288394,1.256816,0.253007,0.051055,-0.092126,-0.781834,0.180247,0.372892,1.246471,0.271801,0.051308
639,0.108519,-0.802892,-0.017675,0.269316,1.255587,0.250679,0.105832,-0.004005,-0.783742,0.087930,0.315671,1.246471,0.263409,0.105859
640,0.164009,-0.837483,-0.083634,0.267285,1.254888,0.242244,0.157193,0.083352,-0.795949,0.005913,0.279049,1.245708,0.253491,0.167277
641,0.197455,-0.881610,-0.137922,0.266843,1.255133,0.230313,0.202431,0.149348,-0.820745,-0.060082,0.258450,1.246471,0.219539,0.200084
642,0.214489,-0.928826,-0.169905,0.272908,1.256006,0.218085,0.237862,0.193217,-0.861181,-0.108148,0.251583,1.246090,0.214580,0.236706
643,0.215997,-0.978291,-0.187393,0.272492,1.258152,0.207855,0.266209,0.203136,-0.913825,-0.139429,0.251202,1.246471,0.214961,0.269131
644,0.204706,-1.032084,-0.192161,0.274374,1.261073,0.199599,0.287775,0.202373,-0.974861,-0.152781,0.253491,1.246471,0.214961,0.271420
645,0.182193,-1.092728,-0.179387,0.281043,1.264786,0.193156,0.305690,0.199702,-1.035897,-0.152399,0.255779,1.246471,0.214580,0.273327
646,0.157781,-1.139312,-0.162751,0.278562,1.268719,0.188930,0.318669,0.192454,-1.092355,-0.152399,0.255779,1.246853,0.214199,0.326734
647,0.129262,-1.178527,-0.143550,0.266518,1.272904,0.187919,0.324479,0.175669,-1.143854,-0.152399,0.255779,1.246853,0.206188,0.338941
648,0.102530,-1.217465,-0.129702,0.248631,1.276747,0.189882,0.324453,0.150874,-1.184672,-0.149729,0.255016,1.250668,0.203136,0.338178
649,0.074378,-1.260568,-0.123724,0.238670,1.279633,0.192372,0.321980,0.119974,-1.218242,-0.149729,0.253109,1.251049,0.206950,0.338178
650,0.046035,-1.304866,-0.108448,0.240169,1.282656,0.193635,0.320166,0.093271,-1.253338,-0.149348,0.252728,1.254482,0.201228,0.337797
651,0.014803,-1.348562,-0.081754,0.241556,1.285595,0.194746,0.319291,0.065042,-1.292630,-0.133326,0.253109,1.254482,0.199702,0.337034
652,-0.009181,-1.386542,-0.065858,0.232336,1.290729,0.197583,0.315592,0.039101,-1.333829,-0.111582,0.252728,1.254101,0.202373,0.334745
653,-0.022153,-1.411498,-0.062957,0.219684,1.292479,0.200347,0.312197,0.021172,-1.370451,-0.108911,0.248150,1.254482,0.213054,0.334745
654,-0.031738,-1.437950,-0.066860,0.210894,1.294173,0.202588,0.309375,0.004005,-1.399062,-0.108911,0.235943,1.263638,0.214961,0.334363
655,-0.041040,-1.464805,-0.064244,0.205318,1.295640,0.206209,0.304105,0.004005,-1.421950,-0.108911,0.224117,1.272793,0.214961,0.333219
656,-0.062241,-1.498083,-0.056967,0.185637,1.298127,0.216810,0.284073,-0.012779,-1.439879,-0.108911,0.208095,1.272793,0.218776,0.310712
657,-0.094336,-1.523283,-0.038761,0.171506,1.298578,0.225120,0.267652,-0.039483,-1.460098,-0.103571,0.192836,1.272793,0.218776,0.276761
658,-0.125890,-1.551994,-0.013341,0.160545,1.299893,0.232445,0.253437,-0.067712,-1.484131,-0.077249,0.180247,1.273175,0.219158,0.268750
659,-0.109006,-1.580859,-0.038177,0.164949,1.300870,0.237211,0.247551,-0.078012,-1.512741,-0.057794,0.174144,1.272793,0.221828,0.263027
660,-0.004722,-1.609176,-0.149694,0.165280,1.303282,0.243337,0.241463,-0.066186,-1.542496,-0.073053,0.172618,1.273175,0.222210,0.261883
661,0.143827,-1.625121,-0.315047,0.162771,1.304589,0.246512,0.238990,-0.010872,-1.571107,-0.139048,0.172618,1.273175,0.222591,0.262646
662,0.286197,-1.641679,-0.460176,0.161735,1.306189,0.248914,0.238979,0.092126,-1.593614,-0.255779,0.172618,1.273175,0.222210,0.262646
663,0.368335,-1.655617,-0.541601,0.162025,1.307446,0.250903,0.240043,0.198558,-1.606203,-0.379377,0.172618,1.273175,0.249294,0.262646
664,0.407509,-1.668578,-0.579706,0.162823,1.309305,0.255289,0.240079,0.283246,-1.617647,-0.469406,0.172618,1.273556,0.262646,0.262646
665,0.430968,-1.671855,-0.602934,0.174123,1.310720,0.254722,0.242210,0.338560,-1.627184,-0.525483,0.172618,1.273556,0.263409,0.262646
666,0.470850,-1.668343,-0.647966,0.165864,1.311753,0.254897,0.241212,0.378614,-1.629854,-0.565156,0.172618,1.281186,0.263409,0.262646
667,0.538588,-1.657898,-0.716300,0.161711,1.312676,0.255785,0.237395,0.425536,-1.629854,-0.610170,0.172618,1.280804,0.263409,0.262264
668,0.671451,-1.634879,-0.844630,0.159165,1.314140,0.257617,0.230038,0.490387,-1.629473,-0.675402,0.172618,1.280804,0.263027,0.262264
669,0.873181,-1.610361,-1.055650,0.141531,1.314364,0.259369,0.225439,0.593004,-1.629091,-0.777638,0.172618,1.280804,0.263409,0.262264
670,1.048970,-1.580466,-1.207376,0.140561,1.315555,0.260726,0.222548,0.743687,-1.626802,-0.934424,0.164607,1.280804,0.263790,0.253872
671,0.856690,-1.526659,-0.964126,0.131438,1.315418,0.264225,0.219642,0.865759,-1.617647,-1.054971,0.159648,1.280804,0.264172,0.235561
672,0.502540,-1.403281,-0.614126,0.136342,1.314389,0.269125,0.218580,0.829900,-1.588273,-0.989357,0.160029,1.285000,0.275235,0.233654
673,0.217047,-1.310578,-0.314126,0.132104,1.312823,0.273152,0.217588,0.650225,-1.521134,-0.784504,0.163462,1.293011,0.303464,0.241283
674,0.028120,-1.223108,-0.075559,0.148081,1.310599,0.276553,0.217410,0.423247,-1.418517,-0.531586,0.146296,1.291485,0.280575,0.249294
675,0.042624,-1.137596,-0.086098,0.161656,1.307036,0.281206,0.211809,0.237850,-1.294156,-0.292782,0.124170,1.291104,0.251965,0.245480
676,0.068496,-1.061217,-0.104618,0.157871,1.300793,0.287630,0.207059,0.150492,-1.171321,-0.182918,0.124552,1.291104,0.271420,0.192073
677,0.094100,-0.976805,-0.098930,0.168571,1.290687,0.293873,0.202824,0.115396,-1.075952,-0.141337,0.138285,1.291485,0.288968,0.183299
678,0.113240,-0.885438,-0.074206,0.186587,1.276998,0.286921,0.191185,0.112345,-1.009575,-0.135233,0.151255,1.290723,0.302701,0.190547
679,0.118355,-0.776470,-0.057466,0.227501,1.257560,0.250344,0.185975,0.113107,-0.952354,-0.134852,0.158885,1.275845,0.297360,0.190929
680,0.112705,-0.681091,-0.031034,0.318183,1.232415,0.185363,0.180115,0.113489,-0.877966,-0.108911,0.183299,1.249142,0.260739,0.212291
681,0.112705,-0.681091,-0.031034,0.318183,1.232415,0.185363,0.180115,0.113489,-0.783742,-0.084115,0.237087,1.228542,0.182918,0.209239
682,0.102101,-0.597221,0.015350,0.493454,1.198447,0.134278,0.176284,0.122644,-0.680743,-0.044442,0.343137,1.197261,0.122263,0.202373
683,0.071173,-0.535351,0.074112,0.647281,1.162329,0.106383,0.174870,0.121118,-0.588045,0.008202,0.478180,1.166361,0.094034,0.181010
684,0.017378,-0.502077,0.151668,0.734675,1.126357,0.107175,0.183731,0.096323,-0.521286,0.079156,0.604067,1.136988,0.102045,0.177577
685,-0.025232,-0.489682,0.213648,0.840759,1.093043,0.121120,0.199699,0.054360,-0.488861,0.148585,0.719654,1.109140,0.110056,0.180247
686,-0.064886,-0.486148,0.264109,0.930047,1.037523,0.138823,0.203569,0.004387,-0.484665,0.205806,0.824559,1.056497,0.152781,0.186732
687,-0.124224,-0.485477,0.320446,0.993646,1.014198,0.141396,0.160702,-0.054742,-0.486191,0.247387,0.909247,1.032464,0.162318,0.179103
688,-0.189388,-0.476770,0.365923,1.046461,0.993494,0.141021,0.116342,-0.117685,-0.485809,0.288968,0.974098,1.013390,0.161936,0.112345
689,-0.256656,-0.461008,0.412516,1.097708,0.976026,0.139201,0.076804,-0.182155,-0.483902,0.338941,1.032845,0.999657,0.162318,0.060845
690,-0.327141,-0.436994,0.455599,1.156258,0.948976,0.135947,0.030015,-0.246624,-0.475509,0.382429,1.087778,0.972190,0.161555,0.042535
691,-0.389543,-0.422041,0.498343,1.224456,0.940722,0.136355,0.016352,-0.308804,-0.468261,0.424010,1.143091,0.963416,0.161936,0.018120
692,-0.470459,-0.415620,0.530274,1.271910,0.934980,0.138789,0.005548,-0.373274,-0.455673,0.461395,1.197261,0.960746,0.161936,0.017739
693,-0.552537,-0.429350,0.549052,1.326836,0.932475,0.140568,-0.000686,-0.443084,-0.445754,0.495346,1.251049,0.960746,0.162699,0.010872
694,-0.636252,-0.471019,0.582775,1.380033,0.932884,0.144771,-0.016569,-0.520523,-0.449569,0.523957,1.304837,0.960365,0.161936,-0.026513
695,-0.711252,-0.520362,0.634317,1.444790,0.936618,0.147437,-0.028201,-0.601396,-0.467117,0.555238,1.361677,0.960746,0.161936,-0.026894
696,-0.782633,-0.583160,0.698370,1.495626,0.942243,0.153106,-0.048698,-0.683413,-0.514038,0.601778,1.423095,0.960746,0.162699,-0.034905
697,-0.858199,-0.654546,0.789723,1.551942,0.949000,0.158973,-0.081046,-0.764668,-0.583848,0.663577,1.479171,0.960746,0.171092,-0.064279
698,-0.953064,-0.739520,0.925885,1.620618,0.955633,0.167027,-0.139543,-0.850118,-0.664721,0.750935,1.535248,0.960746,0.185206,-0.113107
699,-1.065418,-0.818625,1.094640,1.702154,0.962594,0.172312,-0.217590,-0.940909,-0.741779,0.864233,1.595521,0.961128,0.184443,-0.183680
700,-1.217394,-0.886422,1.302136,1.772888,0.968635,0.188450,-0.318747,-1.050774,-0.811971,1.019875,1.661517,0.961128,0.197032,-0.279812
701,-1.384705,-0.927832,1.522499,1.848252,0.975090,0.228519,-0.441821,-1.183909,-0.866522,1.210613,1.732853,0.961509,0.225261,-0.414473
702,-1.469738,-0.937945,1.570796,1.874255,0.979690,0.272944,-0.543559,-1.303311,-0.893988,1.379225,1.802663,0.961509,0.271420,-0.546464
703,-1.478503,-0.938028,1.570796,1.836477,0.980087,0.293338,-0.584723,-1.375792,-0.898566,1.474212,1.844625,0.961509,0.306516,-0.602922
704,-1.460033,-0.946830,1.570796,1.733016,0.978800,0.295488,-0.563290,-1.410506,-0.898566,1.508164,1.834325,0.960365,0.321775,-0.597963
705,-1.454351,-0.969048,1.570796,1.562438,0.979181,0.283238,-0.504497,-1.420806,-0.899329,1.508927,1.762226,0.961128,0.329023,-0.569734
706,-1.487891,-1.000074,1.570796,1.314810,0.987358,0.264646,-0.433199,-1.425765,-0.912299,1.512360,1.624895,0.960746,0.312619,-0.454528
707,-1.540365,-1.030577,1.570796,1.096354,1.005630,0.255427,-0.375857,-1.445602,-0.934424,1.512360,1.423857,0.969139,0.275616,-0.411803
708,-1.573815,-1.061145,1.565905,0.791909,1.030429,0.253144,-0.319895,-1.476501,-0.966850,1.512360,1.193828,0.992790,0.262264,-0.357252
709,-1.598954,-1.096197,1.527398,0.552759,1.056938,0.249738,-0.254670,-1.516556,-0.994697,1.512360,0.927558,1.014534,0.265698,-0.273709
710,-1.617173,-1.133652,1.500221,0.389019,1.081697,0.239781,-0.179505,-1.557374,-1.040475,1.511978,0.677691,1.035134,0.244335,-0.192073
711,-1.635349,-1.181306,1.488389,0.290399,1.122475,0.220129,-0.057002,-1.588273,-1.104562,1.511978,0.482376,1.061837,0.226024,-0.100137
712,-1.640062,-1.220301,1.456777,0.282353,1.137910,0.212392,0.004610,-1.604295,-1.180095,1.511597,0.348478,1.097314,0.205425,0.011635
713,-1.643586,-1.262268,1.440212,0.296986,1.151185,0.203009,0.069098,-1.604677,-1.253338,1.495575,0.281338,1.098840,0.195888,0.050927
714,-1.633789,-1.300535,1.416203,0.314026,1.164010,0.200486,0.120086,-1.604677,-1.302930,1.481079,0.264172,1.125544,0.172236,0.097848
715,-1.584629,-1.341328,1.368238,0.336754,1.188757,0.234103,0.151640,-1.603914,-1.326963,1.461242,0.266079,1.139277,0.193980,0.144007
716,-1.411205,-1.370642,1.208036,0.310472,1.200871,0.281951,0.082750,-1.595140,-1.341459,1.416228,0.285153,1.169032,0.236324,0.141337
717,-1.128414,-1.379644,0.916837,0.277937,1.215075,0.307619,0.034846,-1.500534,-1.344129,1.297208,0.293545,1.168269,0.316815,0.108148
718,-0.830135,-1.348851,0.616837,0.235652,1.228443,0.321196,0.004149,-1.308652,-1.343748,1.084726,0.292020,1.191157,0.339322,0.017357
719,-0.522824,-1.270877,0.316837,0.253468,1.253413,0.329737,-0.019313,-1.067178,-1.335737,0.839055,0.274472,1.209850,0.344663,-0.000954
720,-0.229576,-1.175532,0.124997,0.262263,1.264337,0.327820,-0.013993,-0.804341,-1.312085,0.565919,0.261501,1.217861,0.345045,-0.000954
721,-0.081316,-1.077658,0.096919,0.278685,1.273972,0.327913,-0.011259,-0.536545,-1.259442,0.330549,0.259976,1.228161,0.349622,0.005531
722,-0.081316,-1.077658,0.096919,0.278685,1.273972,0.327913,-0.011259,-0.328260,-1.172847,0.203517,0.263409,1.228542,0.345808,0.001717
723,-0.013368,-0.987639,0.089274,0.294106,1.283755,0.327490,-0.009293,-0.183299,-1.069467,0.147822,0.267605,1.259060,0.341993,0.000191
724,0.039458,-0.901515,0.108587,0.299075,1.291477,0.321032,0.008654,-0.084115,-0.969520,0.140955,0.269131,1.265927,0.340085,0.001717
725,0.073977,-0.834984,0.109859,0.298978,1.296309,0.316090,0.027916,-0.012779,-0.882162,0.140955,0.269131,1.273175,0.323301,0.007439
726,0.087067,-0.789219,0.114112,0.287853,1.296898,0.318324,0.042733,0.036812,-0.814641,0.140955,0.269131,1.273556,0.323301,0.007057
727,0.104243,-0.740097,0.114428,0.308188,1.292424,0.325861,0.054665,0.065805,-0.768864,0.140955,0.269512,1.272793,0.327115,0.035668
728,0.110776,-0.693607,0.117396,0.268626,1.282442,0.343590,0.074124,0.081064,-0.732242,0.140955,0.267987,1.272412,0.348096,0.071145
729,0.094278,-0.696572,0.093032,0.237372,1.272705,0.345662,0.104686,0.082971,-0.710117,0.140955,0.260739,1.272030,0.353437,0.087167
730,0.032599,-0.763125,0.053399,0.288782,1.264414,0.335443,0.139158,0.080301,-0.712787,0.119974,0.260739,1.272030,0.334363,0.092889
731,-0.024851,-0.841941,0.053687,0.319399,1.259267,0.323532,0.163951,0.061227,-0.744831,0.108911,0.267605,1.268597,0.324445,0.150874
732,-0.157676,-1.001492,0.112372,0.328713,1.257220,0.307779,0.188469,0.001717,-0.828374,0.111200,0.274472,1.268597,0.290494,0.158503
733,-0.317537,-1.149538,0.217295,0.312506,1.256688,0.293867,0.205863,-0.112726,-0.959220,0.147822,0.278286,1.268597,0.277905,0.163081
734,-0.514649,-1.256462,0.367615,0.330932,1.254731,0.284320,0.218222,-0.287823,-1.114099,0.237469,0.291638,1.261349,0.285916,0.190547
735,-0.781131,-1.329881,0.594115,0.360010,1.250493,0.280076,0.226008,-0.515946,-1.253719,0.383574,0.323682,1.246090,0.297742,0.246242
736,-1.077779,-1.370721,0.867865,0.402803,1.245035,0.280385,0.232166,-0.768101,-1.354047,0.570115,0.362974,1.242275,0.313382,0.253109
737,-1.352999,-1.386499,1.114816,0.453129,1.238601,0.284270,0.238461,-1.027123,-1.401732,0.795949,0.395399,1.232738,0.293545,0.265316
738,-1.581116,-1.387700,1.317968,0.523609,1.231433,0.289796,0.246454,-1.264782,-1.411650,1.024071,0.427443,1.219768,0.276379,0.263409
739,-1.715143,-1.385413,1.427928,0.608168,1.217035,0.300221,0.260178,-1.452850,-1.409743,1.209468,0.489624,1.219768,0.288586,0.263409
740,-1.782107,-1.382603,1.487198,0.704684,1.207256,0.303604,0.270952,-1.597810,-1.407073,1.338788,0.580415,1.215572,0.304227,0.264553
741,-1.789830,-1.382994,1.485053,0.827721,1.195621,0.302906,0.282842,-1.687076,-1.402495,1.404402,0.679217,1.205272,0.304608,0.270275
742,-1.758867,-1.382306,1.444883,0.990734,1.169240,0.302489,0.248741,-1.721408,-1.399825,1.421569,0.795567,1.177424,0.296216,0.266842
743,-1.689564,-1.376088,1.375713,1.147488,1.133648,0.328769,0.140582,-1.720264,-1.396773,1.411650,0.932517,1.134318,0.311856,0.198558
744,-1.572571,-1.359146,1.290408,1.323763,1.100307,0.352916,-0.017623,-1.693561,-1.391432,1.376173,1.087015,1.101511,0.329786,0.014305
745,-1.439667,-1.321920,1.229119,1.514742,1.075223,0.391245,-0.232565,-1.617266,-1.373503,1.322004,1.251812,1.072137,0.368696,-0.132181
746,-1.406313,-1.278920,1.307557,1.664930,1.057949,0.425834,-0.421825,-1.542115,-1.339551,1.286908,1.420806,1.052682,0.405699,-0.356870
747,-1.397045,-1.235859,1.377661,1.748340,1.047288,0.461890,-0.575617,-1.480697,-1.282712,1.295300,1.574922,1.042382,0.447662,-0.539597
748,-1.345071,-1.177643,1.414593,1.805510,1.040385,0.502987,-0.699066,-1.433394,-1.219387,1.322385,1.692035,1.036660,0.494965,-0.672732
749,-1.286330,-1.121025,1.412706,1.839130,1.032997,0.564561,-0.856320,-1.384947,-1.169032,1.341459,1.768330,1.021401,0.544175,-0.786030
750,-1.234417,-1.086787,1.409459,1.842109,1.032265,0.586592,-0.901803,-1.331159,-1.130503,1.343748,1.814488,1.017586,0.588045,-0.921836
751,-1.131471,-1.041826,1.358260,1.834278,1.033245,0.594881,-0.921665,-1.273938,-1.101511,1.343748,1.829747,1.016823,0.596437,-0.911917
752,-0.934508,-0.960199,1.225659,1.805303,1.035261,0.598452,-0.930611,-1.188487,-1.062982,1.328489,1.825551,1.017586,0.596056,-0.914588
753,-0.736486,-0.835934,1.106339,1.748340,1.042347,0.609968,-0.935583,-1.045815,-0.992790,1.270504,1.806096,1.017967,0.598344,-0.924887
754,-0.589961,-0.749857,1.032298,1.657076,1.050893,0.584239,-0.894462,-0.880255,-0.887884,1.183528,1.766041,1.017967,0.610933,-0.935950
755,-0.470434,-0.682818,1.000033,1.568530,1.064495,0.544287,-0.836080,-0.730335,-0.784123,1.105325,1.708057,1.021401,0.591478,-0.878729
756,-0.371248,-0.639466,1.006212,1.495777,1.079076,0.459494,-0.721579,-0.602159,-0.704776,1.051919,1.635195,1.027123,0.539979,-0.782216
757,-0.293324,-0.593746,0.986019,1.382511,1.109633,0.295924,-0.497554,-0.494583,-0.654040,1.030556,1.559663,1.046578,0.443465,-0.644503
758,-0.229547,-0.551899,0.931457,1.251506,1.127261,0.233040,-0.409923,-0.400359,-0.607881,1.017586,1.469253,1.083200,0.285534,-0.420958
759,-0.192926,-0.514717,0.908992,1.166576,1.146442,0.180439,-0.360832,-0.322156,-0.569352,0.978676,1.350996,1.112955,0.235180,-0.406462
760,-0.167688,-0.500003,0.892353,1.145515,1.163332,0.134527,-0.310138,-0.264172,-0.544175,0.950065,1.250286,1.135080,0.185588,-0.362211
761,-0.155580,-0.508202,0.850089,1.120873,1.190544,0.086569,-0.211727,-0.216869,-0.533875,0.934806,1.190394,1.151865,0.136759,-0.292782
762,-0.158322,-0.547481,0.781655,1.074160,1.201472,0.089804,-0.152239,-0.182155,-0.527390,0.907340,1.156062,1.183146,0.093652,-0.216487
763,-0.163147,-0.602597,0.706263,1.024152,1.210511,0.100119,-0.090604,-0.168040,-0.529679,0.861944,1.118296,1.183909,0.097086,-0.174525
764,-0.185207,-0.662525,0.621647,0.896132,1.218306,0.106339,-0.011063,-0.168803,-0.547990,0.799382,1.080529,1.184291,0.117304,-0.109674
765,-0.230624,-0.712277,0.562226,0.741304,1.225268,0.112506,0.065463,-0.175669,-0.585374,0.718891,1.007668,1.205653,0.147822,-0.013924
766,-0.230624,-0.712277,0.562226,0.741304,1.225268,0.112506,0.065463,-0.203899,-0.640307,0.646029,0.879110,1.206035,0.137522,0.065805
767,-0.291847,-0.754643,0.517297,0.569459,1.232629,0.126899,0.127336,-0.245861,-0.701724,0.584993,0.718509,1.213283,0.138666,0.129511
768,-0.340719,-0.792269,0.496507,0.458875,1.240459,0.142012,0.171593,-0.292401,-0.763523,0.540742,0.570497,1.213283,0.138666,0.194743
769,-0.356796,-0.819721,0.485129,0.458152,1.247218,0.148638,0.196677,-0.318723,-0.823796,0.509461,0.490005,1.213664,0.140192,0.222591
770,-0.355917,-0.832115,0.461829,0.504241,1.251549,0.157923,0.197063,-0.325208,-0.861181,0.486572,0.473983,1.214046,0.151637,0.222210
771,-0.355350,-0.847013,0.460568,0.534846,1.257418,0.163685,0.200366,-0.327497,-0.867285,0.477035,0.484665,1.232738,0.169947,0.221447
772,-0.398535,-0.895821,0.469308,0.456241,1.264144,0.171339,0.202982,-0.344282,-0.867285,0.477798,0.483520,1.249142,0.176814,0.192836
773,-0.484060,-0.982327,0.506696,0.321077,1.271866,0.170236,0.205970,-0.396162,-0.879873,0.479706,0.424392,1.254101,0.192836,0.177958
774,-0.566721,-1.068062,0.557512,0.233564,1.281927,0.167834,0.208203,-0.469406,-0.935187,0.507553,0.341611,1.254482,0.191691,0.182155
775,-0.674190,-1.169013,0.650460,0.178742,1.301854,0.162345,0.210463,-0.553712,-1.032082,0.563630,0.264553,1.281567,0.183299,0.188640
776,-0.788231,-1.235149,0.737734,0.158019,1.310644,0.158986,0.210369,-0.653658,-1.148814,0.636110,0.206188,1.284237,0.166514,0.189784
777,-0.913799,-1.291842,0.843528,0.150440,1.319016,0.156596,0.210600,-0.768482,-1.251812,0.721561,0.168040,1.286145,0.161936,0.223735
778,-1.052131,-1.333915,0.965934,0.150455,1.326121,0.154281,0.211195,-0.896277,-1.328870,0.824559,0.148203,1.296063,0.154307,0.237850
779,-1.232465,-1.370333,1.130496,0.151516,1.338257,0.150557,0.211523,-1.033989,-1.373884,0.947776,0.141718,1.296826,0.140955,0.237850
780,-1.363589,-1.384351,1.245485,0.155418,1.342682,0.148260,0.213236,-1.172465,-1.391432,1.077478,0.140955,1.314755,0.144770,0.237087
781,-1.466676,-1.392260,1.333595,0.160289,1.346172,0.145026,0.216013,-1.295682,-1.391051,1.191920,0.141337,1.315137,0.148966,0.236706
782,-1.524637,-1.395327,1.379465,0.164272,1.349017,0.141440,0.219790,-1.392576,-1.391051,1.277752,0.145914,1.315900,0.146677,0.237469
783,-1.525077,-1.395407,1.372679,0.170908,1.353140,0.136495,0.220782,-1.450179,-1.391051,1.321622,0.148203,1.326200,0.146677,0.237469
784,-1.463509,-1.393000,1.307736,0.148675,1.356211,0.135441,0.218392,-1.465820,-1.391051,1.328489,0.148585,1.325818,0.146677,0.237469
785,-1.398149,-1.390740,1.238906,0.127799,1.358135,0.136710,0.213209,-1.449798,-1.391051,1.311322,0.148585,1.325818,0.146677,0.237469
786,-1.372567,-1.391209,1.207066,0.116973,1.358572,0.139933,0.207653,-1.426146,-1.390669,1.272793,0.145914,1.325818,0.148966,0.237087
787,-1.412226,-1.392888,1.249913,0.119159,1.358964,0.141236,0.206241,-1.412795,-1.390669,1.254864,0.134089,1.325818,0.146296,0.236324
788,-1.549483,-1.394034,1.387819,0.128661,1.358681,0.141977,0.208441,-1.437972,-1.391051,1.278515,0.126841,1.325818,0.144388,0.234417
789,-1.701952,-1.391949,1.525510,0.137035,1.358130,0.142707,0.212861,-1.515793,-1.391051,1.359007,0.126841,1.330014,0.146296,0.223735
790,-1.833167,-1.386753,1.570796,0.156171,1.358266,0.142446,0.220430,-1.627565,-1.390669,1.453613,0.131800,1.333448,0.144770,0.212673
791,-1.892254,-1.380996,1.570796,0.168274,1.358832,0.144718,0.223259,-1.733234,-1.390669,1.510071,0.135996,1.333448,0.152781,0.214961
792,-1.879166,-1.378928,1.570796,0.173335,1.360560,0.147749,0.216759,-1.800755,-1.390288,1.521515,0.143244,1.333448,0.150874,0.214961
793,-1.769579,-1.383825,1.562212,0.180307,1.361789,0.151334,0.198139,-1.816396,-1.390288,1.521515,0.145151,1.333829,0.154688,0.214580
794,-1.467790,-1.386563,1.265990,0.181309,1.363629,0.154206,0.175921,-1.752308,-1.390669,1.486419,0.150874,1.334592,0.154688,0.217250
795,-1.167611,-1.365180,0.965990,0.182393,1.365245,0.156879,0.155829,-1.560807,-1.387999,1.326200,0.157359,1.343366,0.161173,0.170710
796,-0.867593,-1.325407,0.665990,0.182468,1.367228,0.157890,0.142066,-1.325055,-1.372740,1.111429,0.161936,1.344892,0.155451,0.151637
797,-0.611330,-1.278074,0.480877,0.196015,1.368806,0.157353,0.132881,-1.073663,-1.343366,0.857366,0.168803,1.348325,0.169184,0.150492
798,-0.483970,-1.232288,0.408464,0.225586,1.369296,0.156065,0.126863,-0.836385,-1.302930,0.650607,0.180629,1.348707,0.162318,0.151637
799,-0.372125,-1.175971,0.315734,0.306890,1.359468,0.163789,0.107178,-0.653658,-1.256771,0.517472,0.197032,1.347944,0.161936,0.148966
800,-0.243949,-1.090675,0.171936,0.458473,1.328414,0.196999,0.027268,-0.509079,-1.210613,0.412184,0.245480,1.346799,0.166514,0.107004
801,-0.149677,-1.003036,0.100749,0.637228,1.297183,0.234857,-0.091278,-0.374037,-1.157206,0.286679,0.346952,1.326963,0.185969,0.009346
802,-0.069795,-0.923479,0.120432,0.802817,1.270977,0.264130,-0.212821,-0.262264,-1.084344,0.189784,0.492676,1.295682,0.231365,-0.118067
803,-0.001914,-0.859135,0.153243,0.929721,1.250084,0.292783,-0.329638,-0.178721,-0.999275,0.156596,0.663195,1.268597,0.282101,-0.251202
804,0.047893,-0.793630,0.191244,0.942373,1.219301,0.334189,-0.484278,-0.111200,-0.911917,0.156977,0.819219,1.247997,0.322538,-0.385863
805,0.061250,-0.766980,0.198848,0.862576,1.212388,0.350336,-0.508678,-0.062371,-0.827611,0.159266,0.905051,1.216335,0.373655,-0.555619
806,0.056512,-0.764096,0.202206,0.767803,1.209332,0.357038,-0.471187,-0.023079,-0.766957,0.174525,0.911536,1.215572,0.393492,-0.549516
807,0.011025,-0.803054,0.203816,0.578130,1.214440,0.343309,-0.364645,0.001335,-0.745212,0.184443,0.853933,1.215572,0.388151,-0.490387
808,-0.040135,-0.854069,0.206118,0.452295,1.223472,0.322064,-0.258243,0.001335,-0.750553,0.188258,0.724231,1.215572,0.377852,-0.354963
809,-0.058287,-0.880700,0.208260,0.422562,1.232593,0.304377,-0.176767,-0.017357,-0.784504,0.192073,0.564775,1.226253,0.308804,-0.150492
810,-0.155065,-0.978539,0.238123,0.269935,1.247576,0.277993,-0.083651,-0.058938,-0.864996,0.205043,0.398070,1.227016,0.271801,-0.095941
811,-0.250581,-1.091205,0.284417,0.220416,1.265424,0.249970,0.003095,-0.120356,-0.974098,0.232891,0.280194,1.252956,0.225643,0.004768
812,-0.354051,-1.187296,0.370846,0.205221,1.282247,0.224105,0.078990,-0.213436,-1.099985,0.293927,0.216869,1.253338,0.206569,0.114252
813,-0.480507,-1.275303,0.472432,0.199517,1.311335,0.193031,0.174951,-0.337034,-1.219768,0.372511,0.200084,1.283856,0.198558,0.205806
814,-0.624645,-1.327587,0.591885,0.191216,1.323811,0.188601,0.201648,-0.479324,-1.313230,0.465972,0.198177,1.292630,0.199702,0.238231
815,-0.797302,-1.369642,0.742482,0.197866,1.334217,0.188854,0.216124,-0.630007,-1.370451,0.588426,0.194362,1.299115,0.206188,0.241283
816,-0.977241,-1.397756,0.898005,0.204537,1.342147,0.191713,0.222791,-0.779545,-1.396773,0.722324,0.194362,1.301022,0.190166,0.240902
817,-1.114679,-1.412996,1.009523,0.199683,1.348807,0.195349,0.225685,-0.926413,-1.402495,0.853170,0.194362,1.318189,0.193980,0.240520
818,-1.230787,-1.421351,1.109200,0.205636,1.354242,0.197327,0.228833,-1.059167,-1.402113,0.970283,0.194362,1.318952,0.206188,0.239376
819,-1.341496,-1.425641,1.209832,0.221087,1.360531,0.196532,0.238533,-1.180476,-1.402495,1.077096,0.196269,1.331922,0.210002,0.241283
820,-1.423367,-1.427255,1.293332,0.239965,1.365681,0.196652,0.249497,-1.284237,-1.405165,1.174754,0.204280,1.340696,0.209621,0.241665
821,-1.406935,-1.426459,1.264942,0.240862,1.369784,0.196935,0.255230,-1.340314,-1.407454,1.213283,0.218395,1.340696,0.210002,0.241665
822,-1.269991,-1.420491,1.113120,0.234082,1.373330,0.198924,0.250443,-1.330396,-1.407073,1.185817,0.223354,1.340314,0.218776,0.245098
823,-0.965023,-1.395705,0.798340,0.238858,1.376163,0.199125,0.242076,-1.212139,-1.406691,1.048104,0.225261,1.349470,0.226787,0.253872
824,-0.663615,-1.342912,0.555818,0.245670,1.381547,0.201390,0.225782,-1.004234,-1.397917,0.840200,0.230983,1.352140,0.210384,0.245098
825,-0.474282,-1.277371,0.413838,0.240280,1.386122,0.203499,0.212190,-0.785649,-1.368162,0.644503,0.230983,1.352522,0.209239,0.238613
826,-0.352664,-1.203585,0.346288,0.234650,1.387665,0.207680,0.197610,-0.609026,-1.312085,0.501831,0.230220,1.352522,0.217250,0.237469
827,-0.267720,-1.131164,0.294801,0.226337,1.387282,0.213920,0.184166,-0.471695,-1.237316,0.406844,0.229076,1.352903,0.219158,0.221828
828,-0.197195,-1.054392,0.252976,0.230365,1.385983,0.221918,0.175971,-0.361830,-1.154154,0.340848,0.229076,1.361677,0.221447,0.183680
829,-0.145370,-0.984159,0.231978,0.235022,1.383395,0.231272,0.162550,-0.274853,-1.071756,0.296597,0.229076,1.362821,0.229458,0.182918
830,-0.084773,-0.907871,0.224425,0.234060,1.380755,0.241326,0.148001,-0.206569,-1.000801,0.272183,0.229076,1.362440,0.240139,0.172236
831,-0.035171,-0.836124,0.203469,0.227743,1.377881,0.253341,0.132269,-0.148203,-0.937095,0.260357,0.229076,1.362821,0.256542,0.153925
832,0.004797,-0.769201,0.199721,0.217211,1.374548,0.266428,0.121767,-0.096704,-0.869955,0.239757,0.229076,1.362058,0.264935,0.156596
833,0.036238,-0.706903,0.196584,0.201773,1.370005,0.280810,0.119704,-0.051690,-0.804341,0.234417,0.225643,1.359388,0.275235,0.145533
834,0.049124,-0.649835,0.202546,0.170602,1.361595,0.300586,0.143857,-0.018502,-0.739109,0.234417,0.211528,1.359007,0.292401,0.132944
835,0.049399,-0.653971,0.189657,0.152072,1.357709,0.305820,0.165751,0.006294,-0.680743,0.234417,0.186732,1.359007,0.303845,0.135233
836,0.044483,-0.700217,0.162476,0.144705,1.355029,0.306180,0.193054,0.020790,-0.651369,0.234035,0.164607,1.359007,0.304608,0.135233
837,0.023806,-0.806027,0.116205,0.138044,1.354083,0.299699,0.214235,0.026894,-0.662432,0.206950,0.151637,1.359007,0.299649,0.159648
838,-0.004842,-0.947191,0.100544,0.144359,1.353743,0.281183,0.245704,0.024987,-0.722324,0.169566,0.147440,1.359007,0.298505,0.190166
839,-0.040810,-1.039609,0.101005,0.149684,1.353954,0.268949,0.255719,0.021553,-0.836385,0.147440,0.147440,1.358625,0.288968,0.214199
840,-0.092186,-1.135241,0.112180,0.154192,1.354364,0.258792,0.258613,0.003624,-0.970283,0.140955,0.146677,1.358244,0.266079,0.267605
841,-0.168624,-1.222998,0.145922,0.153752,1.354319,0.251025,0.257472,-0.042916,-1.101129,0.141337,0.142863,1.355192,0.256161,0.267224
842,-0.275229,-1.307419,0.214187,0.160961,1.353223,0.241595,0.253086,-0.116159,-1.209087,0.145151,0.142863,1.355192,0.261883,0.266079
843,-0.392695,-1.345795,0.310798,0.152797,1.352141,0.239927,0.249230,-0.206188,-1.293393,0.173762,0.146296,1.355192,0.263790,0.267224
844,-0.590172,-1.387160,0.481402,0.145110,1.350389,0.241248,0.242731,-0.313764,-1.350614,0.242428,0.146677,1.355192,0.258068,0.266842
845,-0.833541,-1.419510,0.714980,0.154524,1.348364,0.241899,0.237939,-0.465209,-1.383421,0.371748,0.140955,1.347944,0.245861,0.266079
846,-1.123814,-1.439381,1.000266,0.155519,1.345862,0.243177,0.234182,-0.662814,-1.402876,0.560578,0.139429,1.340696,0.251965,0.262646
847,-1.422842,-1.444122,1.296410,0.156728,1.343373,0.245963,0.229403,-0.892081,-1.413176,0.793278,0.142100,1.339933,0.250820,0.260357
848,-1.697404,-1.438122,1.534994,0.160163,1.340881,0.249092,0.225578,-1.151484,-1.414702,1.053445,0.145151,1.339933,0.249676,0.238613
849,-1.859934,-1.428611,1.570796,0.168070,1.338714,0.252414,0.221582,-1.413939,-1.413176,1.305219,0.150111,1.339933,0.256924,0.227932
850,-1.940961,-1.419772,1.570796,0.178333,1.336979,0.255119,0.218403,-1.627184,-1.412413,1.444839,0.156977,1.339551,0.263409,0.222591
851,-1.975462,-1.414012,1.570796,0.177218,1.335632,0.257116,0.216272,-1.789311,-1.412413,1.506256,0.162699,1.339551,0.266842,0.218776
852,-2.051961,-1.403293,1.570796,0.176142,1.334680,0.259352,0.214061,-1.906424,-1.410887,1.521515,0.162699,1.339551,0.269894,0.218013
853,-2.113261,-1.393149,1.570796,0.180052,1.333693,0.261796,0.211846,-1.996452,-1.410124,1.521515,0.162699,1.339551,0.271038,0.218013
854,-2.156897,-1.383770,1.570796,0.184493,1.332707,0.264379,0.209375,-2.060159,-1.407454,1.521515,0.162699,1.339551,0.270657,0.218013
855,-2.191525,-1.372727,1.570796,0.193474,1.331097,0.268489,0.205706,-2.107843,-1.405547,1.521515,0.164988,1.339551,0.271038,0.214199
856,-2.210884,-1.364261,1.570796,0.223393,1.331255,0.271551,0.203210,-2.138743,-1.404402,1.521515,0.177577,1.339551,0.270657,0.214199
857,-2.208085,-1.354562,1.570796,0.289868,1.329502,0.274180,0.195935,-2.151331,-1.404402,1.521515,0.212291,1.339551,0.267605,0.213817
858,-2.171411,-1.345324,1.570796,0.398662,1.316867,0.288120,0.158603,-2.152476,-1.401350,1.521515,0.278286,1.317426,0.271038,0.176051
859,-2.094705,-1.333752,1.570796,0.513963,1.296417,0.301529,0.104018,-2.136835,-1.390288,1.521515,0.375563,1.296826,0.278668,0.106241
860,-2.003688,-1.319105,1.570796,0.610433,1.272092,0.312713,0.052525,-2.089914,-1.366636,1.521515,0.479706,1.273556,0.311856,0.092508
861,-1.889879,-1.295650,1.570796,0.716966,1.245183,0.325516,0.009582,-2.020485,-1.335737,1.521515,0.587663,1.243801,0.324445,0.037194
862,-1.780235,-1.267413,1.570796,0.847011,1.217559,0.336498,-0.023009,-1.925116,-1.301404,1.521515,0.704776,1.219005,0.325208,-0.004005
863,-1.691724,-1.239434,1.535426,1.017910,1.190133,0.350186,-0.050924,-1.827077,-1.272793,1.521134,0.842870,1.192302,0.335126,-0.029564
864,-1.583150,-1.207545,1.472050,1.205080,1.163691,0.362784,-0.072414,-1.729801,-1.244182,1.510071,0.995460,1.167887,0.348096,-0.037957
865,-1.455787,-1.161560,1.409135,1.401532,1.140084,0.373665,-0.090343,-1.624514,-1.213664,1.482986,1.167887,1.145762,0.354582,-0.061990
866,-1.370679,-1.111435,1.382421,1.528678,1.121184,0.384733,-0.106179,-1.517700,-1.165980,1.450561,1.334592,1.128214,0.366407,-0.087167
867,-1.292186,-1.054929,1.336420,1.612128,1.107609,0.401588,-0.132336,-1.420806,-1.101511,1.416991,1.471160,1.113336,0.402266,-0.123789
868,-1.177549,-0.979887,1.262560,1.684451,1.098773,0.424284,-0.160922,-1.330014,-1.038567,1.374647,1.575303,1.110666,0.427062,-0.161173
869,-1.051151,-0.889534,1.205503,1.733177,1.094685,0.446884,-0.192107,-1.226253,-0.973716,1.310559,1.648547,1.110285,0.448425,-0.161555
870,-0.943234,-0.807007,1.186530,1.745195,1.094617,0.466743,-0.237200,-1.123636,-0.899329,1.249142,1.691653,1.095026,0.472076,-0.203517
871,-0.828234,-0.724082,1.187077,1.713194,1.097715,0.487825,-0.305624,-1.023690,-0.815404,1.212139,1.707294,1.088540,0.500687,-0.289349
872,-0.687484,-0.629537,1.207269,1.640137,1.108095,0.523921,-0.443977,-0.914588,-0.728428,1.197261,1.695468,1.088159,0.525101,-0.381666
873,-0.577076,-0.582453,1.209827,1.565207,1.116375,0.538685,-0.511171,-0.794804,-0.646792,1.197261,1.658846,1.088922,0.541123,-0.518616
874,-0.496902,-0.546017,1.201710,1.466026,1.126854,0.550669,-0.569854,-0.673114,-0.585756,1.197642,1.598955,1.096551,0.557527,-0.551423
875,-0.427543,-0.519990,1.208181,1.346656,1.139512,0.567210,-0.618366,-0.575074,-0.547990,1.197642,1.513504,1.096551,0.576982,-0.605974
876,-0.349916,-0.504274,1.160954,1.209194,1.155925,0.585544,-0.656160,-0.494583,-0.525483,1.196880,1.404784,1.125925,0.594911,-0.635348
877,-0.271963,-0.496750,1.094728,1.043660,1.173345,0.621768,-0.691929,-0.419432,-0.513275,1.188106,1.280041,1.136988,0.609026,-0.661669
878,-0.181922,-0.505844,0.968921,0.922291,1.193213,0.660564,-0.717086,-0.339704,-0.505264,1.133555,1.138132,1.166361,0.649462,-0.731098
879,-0.116233,-0.519585,0.847600,0.700194,1.211463,0.659799,-0.678260,-0.253491,-0.504501,1.037423,0.993553,1.180858,0.674640,-0.729572
880,-0.078071,-0.533638,0.734802,0.516413,1.223577,0.614262,-0.536859,-0.186351,-0.503738,0.927176,0.812352,1.196117,0.670443,-0.632296
881,-0.049735,-0.571647,0.577857,0.392359,1.234007,0.551717,-0.367475,-0.139048,-0.514038,0.813497,0.633440,1.209087,0.601778,-0.447280
882,-0.033025,-0.636227,0.444325,0.304525,1.238502,0.482572,-0.195049,-0.103189,-0.542267,0.679217,0.487335,1.225872,0.540360,-0.292401
883,-0.027610,-0.735377,0.283196,0.269514,1.240705,0.412966,-0.038059,-0.074578,-0.596056,0.546082,0.378233,1.228923,0.467117,-0.123407
884,-0.034913,-0.858028,0.162881,0.277547,1.242516,0.349167,0.088925,-0.052834,-0.681888,0.401884,0.311093,1.229305,0.388914,0.021172
885,-0.074556,-1.002355,0.100522,0.268641,1.244595,0.299789,0.179130,-0.046731,-0.797856,0.275616,0.275235,1.228161,0.325208,0.140955
886,-0.179225,-1.160412,0.105328,0.282491,1.243166,0.268228,0.236150,-0.055505,-0.931373,0.186732,0.260739,1.228161,0.296216,0.206569
887,-0.342535,-1.279535,0.198513,0.320397,1.236742,0.248708,0.272016,-0.106622,-1.077859,0.153544,0.259213,1.227779,0.256924,0.250439
888,-0.570996,-1.353210,0.383959,0.395820,1.225821,0.243798,0.291318,-0.230602,-1.221675,0.169566,0.273709,1.227398,0.246624,0.274472
889,-0.834934,-1.395982,0.620720,0.489813,1.201737,0.247065,0.307992,-0.412947,-1.338788,0.271801,0.330167,1.220150,0.259594,0.321012
890,-1.043673,-1.399933,0.819391,0.588403,1.186954,0.252335,0.311624,-0.638781,-1.412795,0.436980,0.414855,1.198024,0.275998,0.326734
891,-1.207904,-1.393287,0.972778,0.680807,1.172986,0.257707,0.314869,-0.852789,-1.431868,0.618944,0.502594,1.183909,0.272946,0.339704
892,-1.309341,-1.378214,1.063859,0.786982,1.157765,0.264888,0.310802,-1.028649,-1.426146,0.794423,0.588045,1.167887,0.260739,0.337415
893,-1.332728,-1.366757,1.083162,0.856048,1.142542,0.272239,0.301990,-1.162928,-1.411269,0.928702,0.686465,1.162928,0.266842,0.329786
894,-1.328970,-1.355404,1.084796,0.932419,1.126528,0.281241,0.286043,-1.241131,-1.395247,1.000420,0.805104,1.130121,0.277142,0.287060
895,-1.256500,-1.323091,1.050391,1.103414,1.106530,0.298442,0.237967,-1.250286,-1.373121,1.008431,0.947395,1.111048,0.288968,0.249294
896,-1.151046,-1.280994,0.998779,1.246688,1.088103,0.325121,0.158918,-1.231212,-1.335737,1.006142,1.093500,1.085870,0.324826,0.168040
897,-1.022874,-1.226755,0.936606,1.396779,1.075163,0.359692,0.058386,-1.154536,-1.280423,0.971046,1.244182,1.072900,0.363737,0.045586
898,-0.879690,-1.124432,0.866957,1.520659,1.061636,0.408740,-0.099508,-1.046960,-1.195735,0.918402,1.378843,1.059548,0.405318,-0.115396
899,-0.775459,-1.022095,0.829018,1.628817,1.062165,0.417091,-0.158422,-0.930991,-1.090448,0.884451,1.502441,1.058785,0.420958,-0.164225
900,-0.665318,-0.880890,0.802644,1.699029,1.065993,0.400335,-0.217289,-0.819982,-0.972190,0.858129,1.596666,1.059167,0.408751,-0.213817
901,-0.558555,-0.739335,0.806428,1.704782,1.073815,0.366021,-0.278334,-0.714313,-0.839437,0.843252,1.648928,1.059548,0.389677,-0.294308
902,-0.440769,-0.593605,0.889018,1.659264,1.091951,0.327979,-0.393084,-0.610933,-0.698291,0.844396,1.660754,1.069467,0.355344,-0.385863
903,-0.374227,-0.553213,0.935341,1.566836,1.101413,0.337229,-0.472051,-0.512131,-0.591478,0.858129,1.635958,1.078622,0.353819,-0.507172
904,-0.316143,-0.529984,0.938249,1.443465,1.110638,0.360922,-0.573357,-0.432403,-0.535401,0.885214,1.574922,1.078622,0.382048,-0.592622
905,-0.257265,-0.518475,0.900050,1.324340,1.121187,0.401648,-0.675848,-0.362593,-0.520523,0.891318,1.475738,1.090829,0.424010,-0.708209
906,-0.192330,-0.524472,0.843902,1.187934,1.143523,0.481243,-0.798411,-0.300793,-0.521668,0.883688,1.352140,1.111048,0.488098,-0.793278
907,-0.144537,-0.538297,0.751721,0.989018,1.153196,0.515727,-0.816552,-0.240902,-0.521286,0.857366,1.207179,1.134699,0.534257,-0.857366
908,-0.123068,-0.563464,0.650423,0.715355,1.160252,0.489356,-0.732457,-0.189021,-0.518616,0.793660,1.014534,1.135080,0.531205,-0.792134
909,-0.118886,-0.599584,0.556279,0.493247,1.165640,0.419057,-0.562276,-0.165751,-0.526627,0.704013,0.782597,1.142329,0.455291,-0.581941
910,-0.116535,-0.667335,0.450539,0.344883,1.176425,0.294232,-0.281576,-0.163462,-0.564393,0.605592,0.577363,1.161402,0.337797,-0.333219
911,-0.110771,-0.747972,0.331075,0.280336,1.180531,0.221379,-0.137684,-0.156214,-0.639544,0.494583,0.422866,1.164073,0.240902,-0.136378
912,-0.104146,-0.844385,0.209599,0.276652,1.183765,0.157492,-0.016036,-0.136378,-0.743305,0.377852,0.327115,1.167887,0.170329,-0.037194
913,-0.113112,-0.952079,0.124538,0.273180,1.186717,0.106365,0.075527,-0.118067,-0.848974,0.266842,0.277905,1.167887,0.110056,0.088312
914,-0.151848,-1.079897,0.071619,0.247286,1.188292,0.070891,0.140180,-0.120356,-0.957694,0.179484,0.251583,1.167887,0.074197,0.137522
915,-0.226520,-1.195499,0.076516,0.244700,1.185128,0.048655,0.182985,-0.138285,-1.068704,0.127222,0.241665,1.167887,0.069238,0.149348
916,-0.408440,-1.305334,0.189734,0.268660,1.177054,0.035532,0.209615,-0.210002,-1.176280,0.129129,0.238613,1.167124,0.044060,0.214580
917,-0.641985,-1.372161,0.391743,0.369423,1.164053,0.031875,0.227978,-0.354582,-1.283856,0.193217,0.256161,1.159495,0.031472,0.225643
918,-0.930953,-1.405243,0.674340,0.481855,1.148708,0.033430,0.242768,-0.567063,-1.371977,0.351148,0.325208,1.151484,0.045205,0.253491
919,-1.223791,-1.409350,0.955385,0.629260,1.131385,0.043053,0.255382,-0.810826,-1.423095,0.556382,0.432021,1.143854,0.067330,0.268368
920,-1.398037,-1.396742,1.123079,0.790083,1.114479,0.061493,0.257705,-1.053445,-1.434920,0.784123,0.552567,1.127832,0.062753,0.271038
921,-1.451557,-1.375354,1.191137,0.944889,1.097542,0.086048,0.241396,-1.231975,-1.429580,0.968376,0.696384,1.113336,0.079919,0.265316
922,-1.387925,-1.340372,1.158629,1.123316,1.079919,0.115237,0.209154,-1.331159,-1.405547,1.068704,0.854696,1.104562,0.103189,0.263790
923,-1.268189,-1.288328,1.090558,1.268322,1.050414,0.149866,0.151380,-1.346418,-1.370832,1.091211,1.016823,1.081292,0.140574,0.193980
924,-1.115265,-1.223851,0.991462,1.425704,1.038960,0.154958,0.116290,-1.310178,-1.314755,1.082818,1.169032,1.057259,0.166514,0.142100
925,-0.981239,-1.134487,0.902122,1.567816,1.032160,0.148167,0.083417,-1.216335,-1.243420,1.028649,1.323148,1.043145,0.163844,0.124933
926,-0.872871,-1.031677,0.847628,1.669364,1.030300,0.138657,0.044275,-1.101129,-1.157206,0.958076,1.465057,1.042763,0.155451,0.065805
927,-0.747778,-0.879894,0.815881,1.723117,1.033463,0.134346,-0.050755,-0.987831,-1.058404,0.903906,1.581788,1.043145,0.150111,0.008965
928,-0.628724,-0.762976,0.850187,1.722382,1.040372,0.143839,-0.124010,-0.878347,-0.937476,0.862707,1.655413,1.043145,0.151637,-0.083734
929,-0.494512,-0.647399,0.913593,1.630104,1.053385,0.181545,-0.247166,-0.766957,-0.815404,0.857748,1.688220,1.043526,0.170329,-0.154307
930,-0.369429,-0.568814,0.953953,1.488626,1.067363,0.222013,-0.362502,-0.646792,-0.692950,0.860418,1.663424,1.043908,0.203517,-0.307660
931,-0.253300,-0.501629,0.947808,1.275554,1.089905,0.303033,-0.526630,-0.524720,-0.595674,0.885595,1.580644,1.044289,0.257305,-0.407225
932,-0.185469,-0.476308,0.915799,1.047338,1.094417,0.347557,-0.594904,-0.408370,-0.518997,0.891699,1.427672,1.058785,0.333219,-0.584230
933,-0.097531,-0.471249,0.836847,0.927023,1.099011,0.377218,-0.636274,-0.305371,-0.473983,0.891699,1.237316,1.070993,0.371366,-0.622759
934,-0.009428,-0.486474,0.742877,0.807932,1.100906,0.388898,-0.644747,-0.213817,-0.467117,0.881399,1.067178,1.070993,0.381285,-0.625429
935,0.055711,-0.513769,0.627930,0.637568,1.099410,0.356638,-0.592480,-0.118067,-0.469787,0.823033,0.921836,1.090066,0.382811,-0.653658
936,0.055711,-0.513769,0.627930,0.637568,1.099410,0.356638,-0.592480,-0.032616,-0.477798,0.735294,0.774586,1.092737,0.369459,-0.610552
937,0.085560,-0.564706,0.483559,0.411832,1.096860,0.287047,-0.470680,0.021935,-0.490768,0.623522,0.596056,1.092737,0.307279,-0.467498
938,0.103585,-0.641935,0.340114,0.284953,1.092719,0.214128,-0.346287,0.054742,-0.544175,0.493439,0.430114,1.092737,0.214580,-0.330930
939,0.124025,-0.739191,0.167138,0.237693,1.087972,0.142165,-0.240793,0.089456,-0.644121,0.338560,0.314908,1.092355,0.134089,-0.228695
940,0.131862,-0.843392,-0.002074,0.236915,1.082907,0.072710,-0.156236,0.124552,-0.764668,0.170329,0.248531,1.091974,0.053216,-0.115778
941,0.115412,-0.955031,-0.115828,0.272207,1.076278,0.008186,-0.093932,0.141718,-0.886358,0.029946,0.227932,1.084726,-0.006676,-0.061608
942,0.082970,-1.058977,-0.192022,0.332236,1.069134,-0.050950,-0.047591,0.138666,-0.990883,-0.075723,0.249676,1.084726,-0.048638,-0.031472
943,0.031374,-1.148241,-0.216926,0.434387,1.057789,-0.093631,-0.011376,0.114252,-1.082437,-0.144388,0.314527,1.072519,-0.100519,0.004387
944,-0.043942,-1.217566,-0.199870,0.510108,1.044703,-0.127535,0.019436,0.053597,-1.161402,-0.166133,0.393492,1.065652,-0.109674,0.012398
945,-0.131315,-1.263259,-0.148709,0.625168,1.030257,-0.153116,0.046138,-0.026131,-1.223201,-0.163844,0.496490,1.051156,-0.131418,0.044442
946,-0.210874,-1.283575,-0.091666,0.780700,1.014157,-0.173752,0.073022,-0.108530,-1.264019,-0.153162,0.621614,1.032464,-0.150492,0.091363
947,-0.290747,-1.294438,-0.014548,0.917263,0.984627,-0.198342,0.108177,-0.193599,-1.289197,-0.113870,0.758564,1.006142,-0.167277,0.115396
948,-0.387442,-1.301951,0.094388,1.016561,0.971363,-0.203504,0.119090,-0.284009,-1.294919,-0.049020,0.882544,0.993553,-0.168803,0.122644
949,-0.524319,-1.309674,0.232362,1.093417,0.957757,-0.203810,0.127220,-0.385100,-1.294537,0.057031,0.983635,0.979057,-0.176051,0.118830
950,-0.672993,-1.311374,0.388900,1.189091,0.945084,-0.201979,0.133033,-0.501450,-1.294537,0.190929,1.070993,0.968376,-0.185969,0.131418
951,-0.839797,-1.307012,0.594790,1.328503,0.933623,-0.196193,0.131976,-0.638018,-1.297589,0.352293,1.166361,0.953117,-0.191691,0.148966
952,-0.957410,-1.294781,0.740785,1.452067,0.924264,-0.185657,0.120258,-0.777256,-1.296445,0.515564,1.284619,0.953117,-0.175288,0.132181
953,-1.057691,-1.271503,0.876898,1.570703,0.911400,-0.161121,0.086529,-0.898947,-1.292630,0.661669,1.411650,0.945106,-0.155833,0.123026
954,-1.119894,-1.244961,0.981382,1.662061,0.910602,-0.133249,0.045687,-1.001183,-1.284619,0.785267,1.523423,0.927176,-0.123026,0.058556
955,-1.133964,-1.204051,1.055173,1.737077,0.912043,-0.082528,-0.034950,-1.070611,-1.259442,0.885977,1.616121,0.927558,-0.076104,0.007057
956,-1.089834,-1.150224,1.069922,1.779138,0.915350,0.004490,-0.187404,-1.097696,-1.217098,0.953880,1.684405,0.927558,-0.002098,-0.140574
957,-0.986586,-1.058436,1.061540,1.794691,0.922659,0.175168,-0.475829,-1.085107,-1.154154,0.990501,1.726749,0.927558,0.119974,-0.388533
958,-0.855159,-0.966389,1.031218,1.762877,0.932957,0.275436,-0.614914,-1.023690,-1.067941,0.989357,1.758412,0.927176,0.269512,-0.619326
959,-0.741565,-0.861505,1.022917,1.721116,0.947829,0.362090,-0.725660,-0.930991,-0.973716,0.988594,1.759556,0.927558,0.351148,-0.681506
960,-0.651053,-0.765652,1.076449,1.685155,0.965823,0.450898,-0.822923,-0.832189,-0.879492,0.989357,1.732090,0.935187,0.420195,-0.790990
961,-0.570262,-0.679989,1.157465,1.615163,0.984526,0.526997,-0.895596,-0.740635,-0.792134,1.012627,1.698901,0.939002,0.495727,-0.872625
962,-0.484235,-0.586375,1.193558,1.508221,1.004849,0.581531,-0.942850,-0.659762,-0.705921,1.073281,1.644732,0.947395,0.565919,-0.908484
963,-0.436546,-0.504190,1.226092,1.363247,1.028098,0.565003,-0.943854,-0.575456,-0.612840,1.127832,1.556611,0.984779,0.588808,-0.955406
964,-0.413963,-0.428776,1.255072,1.225254,1.052901,0.499139,-0.885270,-0.504501,-0.523957,1.175517,1.435683,1.011101,0.553712,-0.953880
965,-0.402600,-0.339055,1.294865,1.114027,1.099610,0.366928,-0.741553,-0.453765,-0.448806,1.217861,1.309415,1.048486,0.471313,-0.844015
966,-0.400109,-0.293529,1.331494,1.042123,1.121406,0.291657,-0.635066,-0.425917,-0.378233,1.254864,1.193446,1.089303,0.338941,-0.675402
967,-0.415170,-0.254932,1.361411,0.962167,1.142446,0.228007,-0.526184,-0.419051,-0.325971,1.288815,1.103418,1.109140,0.283246,-0.616274
968,-0.437106,-0.231300,1.379829,0.920891,1.161494,0.192911,-0.412557,-0.419814,-0.284771,1.320478,1.030556,1.136225,0.235180,-0.502976
969,-0.440606,-0.233348,1.369118,0.944834,1.176520,0.195167,-0.298053,-0.420958,-0.258068,1.337263,0.976387,1.150721,0.210002,-0.362211
970,-0.426357,-0.262698,1.335426,1.016961,1.189002,0.207923,-0.181672,-0.423629,-0.258068,1.337263,0.966850,1.151102,0.213436,-0.270275
971,-0.412477,-0.296626,1.291286,1.066423,1.197912,0.199067,-0.063819,-0.423247,-0.260357,1.335355,0.980583,1.176661,0.218395,-0.149348
972,-0.427846,-0.339041,1.243703,1.085827,1.205514,0.153264,0.056662,-0.422103,-0.268368,1.332303,1.017205,1.180476,0.214580,-0.027657
973,-0.474486,-0.377087,1.193276,1.029963,1.213035,0.100119,0.152070,-0.423247,-0.287442,1.305219,1.054589,1.195735,0.179103,0.063516
974,-0.529746,-0.412489,1.134421,0.926236,1.220468,0.053532,0.208312,-0.427062,-0.312619,1.257916,1.057259,1.205653,0.131800,0.158885
975,-0.596086,-0.450219,1.081095,0.807906,1.229381,0.013592,0.237844,-0.457198,-0.351530,1.208324,1.011864,1.209850,0.081064,0.168421
976,-0.660798,-0.487595,1.057431,0.683831,1.241867,-0.018227,0.230784,-0.509079,-0.391203,1.157588,0.916495,1.220912,0.032616,0.210384
977,-0.660798,-0.487595,1.057431,0.683831,1.241867,-0.018227,0.230784,-0.579271,-0.438506,1.109903,0.795567,1.228161,0.000572,0.215724
978,-0.708759,-0.517396,1.061571,0.615558,1.254808,-0.032673,0.193445,-0.648699,-0.495346,1.085870,0.693332,1.228161,-0.018883,0.208858
979,-0.717592,-0.538040,1.063648,0.648653,1.264806,-0.020148,0.156628,-0.695621,-0.551423,1.077859,0.650225,1.238460,-0.018502,0.203517
980,-0.692796,-0.552739,1.027303,0.731485,1.270540,0.009061,0.130013,-0.706683,-0.588426,1.050774,0.658236,1.254101,0.003243,0.172999
981,-0.649451,-0.567096,0.976880,0.849339,1.271120,0.048061,0.012801,-0.701343,-0.606737,1.012245,0.720417,1.254101,0.027276,0.003243
982,-0.599520,-0.590073,0.961372,0.974637,1.267057,0.098610,-0.178584,-0.680743,-0.612078,0.983635,0.828756,1.254101,0.103571,-0.207713
983,-0.546978,-0.613162,0.970988,1.056792,1.261279,0.150543,-0.377452,-0.652514,-0.609407,0.980964,0.946632,1.253719,0.179484,-0.394636
984,-0.497921,-0.623412,0.992984,1.061054,1.257215,0.180791,-0.525147,-0.613603,-0.606737,0.981727,1.031319,1.246090,0.230602,-0.574693
985,-0.457314,-0.616159,0.999358,1.021552,1.255716,0.192627,-0.614767,-0.562867,-0.606737,0.981727,1.052682,1.243038,0.229076,-0.635348
986,-0.409756,-0.586029,1.003612,0.997853,1.255858,0.209977,-0.647751,-0.506027,-0.606737,0.981727,1.037041,1.243038,0.222210,-0.636110
987,-0.380650,-0.550025,1.032482,0.959685,1.260711,0.234587,-0.662444,-0.456435,-0.597963,0.981727,1.004234,1.244182,0.242428,-0.658618
988,-0.367309,-0.518319,1.069820,0.873235,1.268676,0.239362,-0.643054,-0.424773,-0.570115,0.998131,0.949683,1.247234,0.248150,-0.669299
989,-0.369244,-0.482797,1.126589,0.761368,1.282615,0.243074,-0.634026,-0.412184,-0.527390,1.039330,0.869192,1.251812,0.260357,-0.661288
990,-0.366358,-0.443540,1.178113,0.653922,1.299097,0.251020,-0.640639,-0.406081,-0.483139,1.092737,0.773442,1.259060,0.267224,-0.650988
991,-0.349963,-0.410524,1.195482,0.623286,1.326702,0.266252,-0.657204,-0.397688,-0.448806,1.138895,0.695239,1.307126,0.271038,-0.654421
992,-0.339996,-0.405035,1.188069,0.628547,1.334555,0.271992,-0.662523,-0.377852,-0.433928,1.154917,0.657473,1.314755,0.271420,-0.654421
993,-0.339694,-0.398362,1.178038,0.647323,1.336937,0.260074,-0.640802,-0.361448,-0.429351,1.154917,0.648318,1.314755,0.270275,-0.654421
994,-0.345154,-0.387298,1.180518,0.678766,1.327523,0.240671,-0.593835,-0.357252,-0.426299,1.154917,0.648699,1.314755,0.256542,-0.643359
995,-0.353391,-0.355521,1.179597,0.730128,1.296376,0.195169,-0.486458,-0.356489,-0.419051,1.154917,0.663577,1.313611,0.215343,-0.522812
996,-0.374457,-0.321035,1.196718,0.761936,1.279808,0.172471,-0.440927,-0.363355,-0.400740,1.154917,0.686847,1.295300,0.183299,-0.419432
997,-0.400678,-0.278059,1.214928,0.810066,1.262731,0.143729,-0.389317,-0.369078,-0.367933,1.154917,0.721180,1.283093,0.166896,-0.412184
998,-0.433126,-0.239958,1.224999,0.866768,1.246200,0.107172,-0.334043,-0.377089,-0.321012,1.161402,0.768864,1.260586,0.131800,-0.370985
999,-0.491130,-0.212382,1.213984,0.922663,1.230536,0.074272,-0.276175,-0.395781,-0.271038,1.183146,0.826848,1.249905,0.095178,-0.300412
1000,-0.553632,-0.210105,1.167346,0.954479,1.216238,0.036153,-0.226022,-0.430877,-0.230602,1.186580,0.884451,1.240368,0.076104,-0.282864
1001,-0.641927,-0.238546,1.096231,1.001291,1.203770,-0.002478,-0.177152,-0.487335,-0.212673,1.182383,0.939384,1.216716,0.042916,-0.230983
1002,-0.723284,-0.288124,1.044894,1.033401,1.193053,-0.034997,-0.136702,-0.560578,-0.217250,1.150340,0.982872,1.215190,0.006294,-0.182918
1003,-0.802690,-0.349798,1.005100,1.044763,1.183576,-0.060658,-0.106381,-0.645266,-0.245861,1.100748,1.014534,1.205653,-0.019265,-0.144388
1004,-0.880359,-0.411891,0.972455,1.053437,1.174080,-0.079826,-0.083420,-0.737964,-0.300031,1.053826,1.032082,1.196117,-0.020790,-0.132181
1005,-0.959371,-0.464015,0.964297,1.065982,1.163682,-0.095452,-0.063446,-0.826085,-0.370603,1.015297,1.038186,1.186580,-0.055886,-0.068856
1006,-1.042013,-0.511084,0.966664,1.074629,1.152172,-0.109484,-0.043840,-0.911154,-0.446136,0.991646,1.038186,1.173610,-0.078775,-0.055886
1007,-1.114478,-0.573119,0.968707,1.088336,1.128743,-0.128759,-0.011360,-0.992027,-0.512894,0.991646,1.038567,1.164073,-0.079156,-0.022698
1008,-1.184400,-0.638448,0.971373,1.074688,1.115929,-0.133822,0.003799,-1.065270,-0.564393,0.991646,1.042000,1.137369,-0.105097,-0.014687
1009,-1.255633,-0.722101,1.003409,1.051483,1.103972,-0.138702,0.020876,-1.129740,-0.616274,0.992027,1.042000,1.129358,-0.106241,-0.017357
1010,-1.332214,-0.799736,1.054526,1.009425,1.092393,-0.141741,0.035884,-1.195735,-0.676547,0.995079,1.041619,1.124399,-0.108530,0.006294
1011,-1.425807,-0.870899,1.124962,0.959213,1.081108,-0.145036,0.050852,-1.265927,-0.752079,1.005760,1.033608,1.103418,-0.108911,0.031853
1012,-1.534478,-0.951786,1.200283,0.897795,1.060071,-0.151733,0.075861,-1.358625,-0.828374,1.048486,0.996986,1.099222,-0.121500,0.033761
1013,-1.624540,-1.005769,1.266941,0.836563,1.050850,-0.156331,0.089088,-1.450179,-0.899329,1.111048,0.944724,1.069848,-0.123407,0.071908
1014,-1.723360,-1.067238,1.340987,0.760610,1.042493,-0.159794,0.101932,-1.540589,-0.964942,1.177806,0.883307,1.068704,-0.127604,0.091745
1015,-1.813531,-1.122089,1.417103,0.694914,1.035029,-0.163369,0.112159,-1.635576,-1.026360,1.254482,0.813878,1.065270,-0.131037,0.089075
1016,-1.916915,-1.188079,1.505052,0.634486,1.023145,-0.167995,0.126219,-1.726368,-1.084726,1.330396,0.744831,1.054589,-0.130655,0.095941
1017,-1.986683,-1.222016,1.570796,0.569606,1.017926,-0.172466,0.131050,-1.815251,-1.146525,1.409743,0.682269,1.035897,-0.131037,0.123407
1018,-2.045016,-1.257748,1.570796,0.501864,1.014675,-0.177528,0.134591,-1.899557,-1.198405,1.478790,0.616655,1.035515,-0.131800,0.139048
1019,-2.086557,-1.297016,1.570796,0.426150,1.013360,-0.177420,0.133817,-1.964027,-1.238842,1.511978,0.549897,1.035134,-0.151637,0.136759
1020,-2.101731,-1.329168,1.570796,0.342672,1.015077,-0.177520,0.132425,-2.014763,-1.270886,1.520371,0.481231,1.027886,-0.158122,0.136759
1021,-2.102794,-1.343166,1.570796,0.326966,1.016272,-0.175937,0.130026,-2.049859,-1.300641,1.520371,0.404555,1.027886,-0.149729,0.136378
1022,-2.073749,-1.380954,1.570796,0.207947,1.019982,-0.168853,0.127992,-2.052529,-1.330396,1.520371,0.312238,1.028267,-0.139048,0.133326
1023,-2.001346,-1.421378,1.570796,0.111181,1.024765,-0.157740,0.125539,-2.033837,-1.366255,1.520371,0.214199,1.028267,-0.141718,0.132563
1024,-1.855417,-1.464100,1.539518,0.058112,1.029404,-0.142038,0.126121,-1.960212,-1.413558,1.520371,0.135996,1.028649,-0.118448,0.134089
1025,-1.582323,-1.498765,1.272556,0.051191,1.034610,-0.122809,0.128168,-1.777104,-1.462768,1.414702,0.086023,1.035515,-0.117304,0.129511
1026,-1.285013,-1.503755,0.972556,0.054991,1.043501,-0.092796,0.124092,-1.549744,-1.496719,1.217479,0.055886,1.040856,-0.098611,0.136378
1027,-0.985282,-1.472912,0.672556,0.068404,1.061745,-0.054512,0.104752,-1.289197,-1.505112,0.960365,0.044442,1.054971,-0.061608,0.134089
1028,-0.640309,-1.401542,0.322556,0.074917,1.087709,-0.014161,0.071879,-0.994316,-1.484131,0.659762,0.047494,1.079385,0.007057,0.105478
1029,-0.380812,-1.327972,0.118706,0.084011,1.115238,0.019245,0.042068,-0.716602,-1.427291,0.391966,0.062753,1.100748,0.055505,0.075723
1030,-0.086419,-1.236410,0.101770,0.099941,1.140468,0.047259,0.012109,-0.453765,-1.347181,0.239376,0.091745,1.124018,0.094415,0.043679
1031,-0.034395,-1.155365,0.137017,0.112425,1.163806,0.068994,-0.007914,-0.265698,-1.248760,0.184443,0.110819,1.144617,0.097848,0.002098
1032,-0.021694,-1.089493,0.152823,0.126778,1.183772,0.084164,-0.015773,-0.155833,-1.150340,0.180247,0.111582,1.162165,0.089837,-0.024605
1033,-0.009134,-1.034199,0.159921,0.135885,1.202135,0.097254,-0.016508,-0.087167,-1.072519,0.180247,0.111582,1.182383,0.091363,-0.024224
1034,0.016142,-0.962936,0.176106,0.171020,1.231213,0.115237,-0.016132,-0.048257,-1.020256,0.180247,0.116922,1.195735,0.104334,-0.022698
1035,0.041431,-0.902218,0.199137,0.180870,1.243855,0.126658,-0.019349,-0.016213,-0.979057,0.183299,0.136759,1.217098,0.124170,-0.022316
1036,0.072042,-0.820028,0.213720,0.185332,1.253589,0.139211,-0.023205,0.007439,-0.929847,0.183299,0.153162,1.227779,0.145151,-0.019265
1037,0.095866,-0.732890,0.188219,0.180473,1.256885,0.149937,-0.023086,0.023842,-0.860800,0.183299,0.157359,1.228161,0.157740,-0.015831
1038,0.108963,-0.643170,0.180453,0.185807,1.259553,0.165505,-0.023843,0.042916,-0.773442,0.182918,0.158503,1.227779,0.169947,-0.015831
1039,0.110908,-0.593022,0.189005,0.188182,1.258140,0.170912,-0.014632,0.062371,-0.679599,0.183299,0.158503,1.228161,0.171473,-0.023461
1040,0.104095,-0.560462,0.215794,0.183597,1.258480,0.174652,-0.001375,0.075723,-0.601396,0.183299,0.158122,1.228161,0.169184,-0.023079
1041,0.098740,-0.565327,0.214295,0.176591,1.258939,0.175699,0.020434,0.080682,-0.553712,0.183299,0.158122,1.228161,0.173762,-0.022698
1042,0.093595,-0.621654,0.182754,0.160984,1.261269,0.171232,0.063325,0.080682,-0.547990,0.183299,0.158122,1.228161,0.174144,-0.010872
1043,0.080309,-0.699174,0.144182,0.147427,1.262100,0.164262,0.080408,0.080301,-0.575074,0.182918,0.157740,1.228542,0.173381,0.061990
1044,0.060685,-0.796381,0.106448,0.142510,1.263123,0.154507,0.093530,0.079919,-0.642596,0.179484,0.155833,1.229305,0.168803,0.056649
1045,0.032263,-0.900417,0.071640,0.131170,1.264733,0.143891,0.103383,0.076867,-0.737964,0.145914,0.149729,1.250286,0.165370,0.064279
1046,-0.009460,-1.036316,0.039944,0.108869,1.269901,0.129592,0.113808,0.062753,-0.852789,0.110056,0.133707,1.250668,0.160410,0.094797
1047,-0.051959,-1.120902,0.034093,0.093470,1.273835,0.122380,0.118550,0.031090,-0.981346,0.081445,0.111200,1.250668,0.125315,0.111582
1048,-0.101430,-1.205913,0.063562,0.081378,1.278484,0.116301,0.122600,-0.012398,-1.101511,0.069238,0.093652,1.250668,0.132181,0.135233
1049,-0.168851,-1.280865,0.118151,0.072442,1.282559,0.112120,0.127128,-0.065423,-1.203746,0.074578,0.087549,1.251812,0.129892,0.133326
1050,-0.292815,-1.366325,0.218110,0.055745,1.289985,0.109468,0.131659,-0.134852,-1.282330,0.093652,0.081445,1.254101,0.132181,0.135615
1051,-0.427390,-1.410688,0.341576,0.046483,1.294677,0.108922,0.134708,-0.230602,-1.348325,0.166514,0.069619,1.257916,0.127604,0.135615
1052,-0.616332,-1.450608,0.527325,0.037690,1.298974,0.108252,0.139140,-0.350767,-1.399443,0.274090,0.061608,1.273556,0.123407,0.135996
1053,-0.847248,-1.477745,0.751143,0.037090,1.302951,0.108057,0.142898,-0.509842,-1.434920,0.428588,0.052834,1.272793,0.122644,0.136378
1054,-1.087862,-1.490609,0.979847,0.036458,1.306522,0.107355,0.146495,-0.705158,-1.458953,0.619707,0.045205,1.276608,0.121881,0.136378
1055,-1.338719,-1.493177,1.223209,0.034787,1.310113,0.107351,0.147582,-0.907340,-1.469253,0.821126,0.041772,1.278515,0.118448,0.136378
1056,-1.574431,-1.489692,1.448273,0.031946,1.313770,0.107650,0.147569,-1.130503,-1.471923,1.042000,0.038720,1.281186,0.111200,0.136378
1057,-1.783647,-1.482620,1.570796,0.033034,1.317961,0.107552,0.147648,-1.357481,-1.472686,1.260967,0.037194,1.282330,0.115778,0.137903
1058,-1.870792,-1.475854,1.570796,0.035755,1.321727,0.107621,0.146793,-1.565385,-1.471923,1.424239,0.037194,1.300259,0.119211,0.137522
1059,-1.923783,-1.469142,1.570796,0.038070,1.325321,0.108262,0.145271,-1.709201,-1.471923,1.498627,0.037194,1.299496,0.123789,0.136759
1060,-1.969045,-1.463151,1.570796,0.041985,1.329104,0.108925,0.143266,-1.803807,-1.471923,1.526474,0.037194,1.299496,0.121118,0.136759
1061,-2.011599,-1.457325,1.570796,0.043660,1.333111,0.109208,0.141950,-1.873236,-1.471923,1.527237,0.037194,1.299496,0.121118,0.136759
1062,-2.053768,-1.451102,1.570796,0.041710,1.336759,0.109203,0.141277,-1.926642,-1.471542,1.527237,0.037194,1.299878,0.120737,0.136759
1063,-2.063389,-1.448616,1.570796,0.041749,1.339629,0.109900,0.140064,-1.974708,-1.471542,1.527237,0.037194,1.318189,0.121500,0.136759
1064,-2.090200,-1.445169,1.570796,0.046570,1.342609,0.110494,0.138800,-2.013237,-1.471160,1.527237,0.037194,1.318189,0.121118,0.136378
1065,-2.137410,-1.438783,1.570796,0.073324,1.343026,0.112352,0.137455,-2.055962,-1.471160,1.527237,0.038338,1.318189,0.121881,0.136378
1066,-2.192788,-1.428324,1.570796,0.127002,1.341064,0.115967,0.135983,-2.102502,-1.470397,1.527237,0.058938,1.318189,0.113107,0.136378
1067,-2.235028,-1.415916,1.570796,0.224398,1.336586,0.117670,0.143195,-2.147898,-1.467727,1.527237,0.116922,1.318189,0.115778,0.136378
1068,-2.262273,-1.401903,1.570796,0.327185,1.326333,0.122332,0.149652,-2.178798,-1.457427,1.527237,0.203136,1.317807,0.121118,0.136378
1069,-2.272784,-1.390521,1.570796,0.447131,1.310248,0.129136,0.156630,-2.205501,-1.443313,1.527237,0.312619,1.314374,0.124933,0.136759
1070,-2.262921,-1.381396,1.570796,0.574916,1.286775,0.137936,0.164904,-2.208171,-1.423095,1.527237,0.433928,1.296445,0.133326,0.152018
1071,-2.233801,-1.374158,1.570796,0.716334,1.257055,0.148889,0.174284,-2.207790,-1.404402,1.527237,0.570115,1.267453,0.147440,0.161936
1072,-2.197289,-1.364562,1.570796,0.909902,1.222559,0.166733,0.184647,-2.203593,-1.390288,1.527237,0.722324,1.233120,0.167659,0.164607
1073,-2.158109,-1.353161,1.570796,1.078899,1.187369,0.181789,0.195393,-2.198253,-1.379225,1.527237,0.889029,1.196117,0.174907,0.175288
1074,-2.106306,-1.337781,1.570796,1.244188,1.153184,0.195691,0.204548,-2.178416,-1.365492,1.527237,1.058404,1.162165,0.195125,0.210765
1075,-2.052209,-1.320594,1.570796,1.393355,1.120699,0.210134,0.207418,-2.139506,-1.347181,1.527237,1.220150,1.128595,0.212673,0.210765
1076,-2.000553,-1.299778,1.570796,1.507569,1.090809,0.220723,0.204670,-2.085718,-1.320096,1.527237,1.364347,1.101129,0.220302,0.211147
1077,-1.952043,-1.278956,1.570796,1.606927,1.064488,0.235032,0.188663,-2.033074,-1.291104,1.527237,1.482223,1.075952,0.220302,0.202373
1078,-1.913257,-1.255966,1.570796,1.674441,1.042293,0.248604,0.163221,-1.985008,-1.271649,1.527237,1.574540,1.052300,0.248150,0.161936
1079,-1.888822,-1.232651,1.570796,1.710569,1.022877,0.259038,0.136153,-1.944190,-1.257153,1.527237,1.642824,1.036660,0.264172,0.146296
1080,-1.855060,-1.208192,1.570796,1.702928,0.990931,0.280539,0.085076,-1.915961,-1.240368,1.527237,1.674868,1.001183,0.277523,0.105097
1081,-1.815068,-1.203024,1.570796,1.663315,0.978070,0.290771,0.050177,-1.886206,-1.224346,1.527237,1.680209,0.989357,0.301556,0.052834
1082,-1.774082,-1.200006,1.570796,1.589358,0.967849,0.308959,-0.006174,-1.851110,-1.219768,1.527237,1.663806,0.974861,0.321012,0.022698
1083,-1.674872,-1.200842,1.570796,1.496516,0.965376,0.330302,-0.113961,-1.810292,-1.216716,1.526856,1.603151,0.966468,0.342374,-0.079919
1084,-1.459029,-1.196393,1.465655,1.426384,0.970504,0.368685,-0.289620,-1.712634,-1.213664,1.500534,1.520371,0.953498,0.368696,-0.228313
1085,-1.181684,-1.170757,1.257345,1.394115,0.979929,0.414046,-0.467949,-1.545930,-1.207561,1.434157,1.446746,0.953880,0.383955,-0.391585
1086,-0.968835,-1.128652,1.151939,1.391538,0.989848,0.459511,-0.617574,-1.325818,-1.194972,1.319333,1.397536,0.964179,0.420577,-0.569734
1087,-0.742672,-1.061436,1.031874,1.354393,1.004324,0.530553,-0.760126,-1.104944,-1.155680,1.206416,1.371595,0.966087,0.490005,-0.719272
1088,-0.599187,-0.995173,0.945460,1.309532,1.019110,0.605526,-0.875841,-0.902762,-1.092355,1.106470,1.351377,0.986305,0.566300,-0.832570
1089,-0.478123,-0.923189,0.847937,1.260832,1.035197,0.695903,-0.970476,-0.734531,-1.017205,1.016442,1.322004,0.995842,0.647936,-0.945487
1090,-0.387946,-0.872039,0.810915,1.202978,1.054495,0.807060,-1.048303,-0.593767,-0.947013,0.932136,1.285000,1.019112,0.753223,-1.021401
1091,-0.323411,-0.847286,0.807069,1.133474,1.072663,0.875027,-1.099468,-0.486954,-0.892844,0.874914,1.238842,1.028649,0.784123,-1.079767
1092,-0.251163,-0.824522,0.737695,1.054726,1.089139,0.758559,-1.012627,-0.401503,-0.859655,0.842489,1.178187,1.045052,0.782979,-1.079385
1093,-0.176934,-0.800860,0.666460,0.891282,1.119653,0.555439,-0.653572,-0.316434,-0.837148,0.795949,1.103799,1.088922,0.715839,-0.916876
1094,-0.129900,-0.786220,0.576643,0.685613,1.139446,0.452374,-0.356849,-0.245098,-0.800526,0.734913,0.983635,1.103037,0.524338,-0.490768
1095,-0.093728,-0.787661,0.487026,0.485109,1.159401,0.388642,-0.129116,-0.208476,-0.775731,0.650607,0.811208,1.125925,0.448806,-0.240902
1096,-0.051701,-0.801202,0.403564,0.349060,1.178170,0.354048,0.034521,-0.181773,-0.778782,0.559052,0.621996,1.148051,0.394255,-0.037957
1097,0.006057,-0.812001,0.307553,0.332870,1.208931,0.325168,0.222919,-0.137522,-0.793660,0.465972,0.455673,1.162165,0.354963,0.138285
1098,0.046554,-0.813896,0.201636,0.395817,1.229143,0.318175,0.298844,-0.065805,-0.810826,0.375563,0.367933,1.180095,0.312619,0.311856
1099,0.089918,-0.811510,0.074550,0.566486,1.232794,0.309207,0.277758,0.010872,-0.824178,0.275998,0.357633,1.184291,0.298886,0.338941
1100,0.136149,-0.797823,-0.056634,0.890442,1.225882,0.223892,0.307015,0.080682,-0.825704,0.165370,0.442321,1.186580,0.282864,0.308042
1101,0.149323,-0.775425,-0.120721,1.191493,1.191155,0.049743,0.345235,0.141718,-0.823796,0.053597,0.657473,1.187343,0.168040,0.316434
1102,0.113014,-0.776308,-0.133315,1.421626,1.165959,0.011353,0.312322,0.158122,-0.812734,-0.034142,0.930991,1.182765,0.018502,0.350767
1103,0.051389,-0.799093,-0.129927,1.572591,1.146411,0.010656,0.242897,0.141718,-0.803578,-0.076867,1.193446,1.172084,0.018502,0.304608
1104,-0.013041,-0.835976,-0.095848,1.652550,1.132290,0.029398,0.141033,0.086023,-0.804341,-0.088312,1.410124,1.164073,0.032616,0.198558
1105,-0.055706,-0.860586,-0.068165,1.688756,1.120940,0.071089,0.012240,0.017739,-0.810826,-0.087930,1.561189,1.156443,0.073434,0.086786
1106,-0.077904,-0.872735,-0.055815,1.706197,1.112470,0.110356,-0.092256,-0.044823,-0.836385,-0.087549,1.646258,1.125925,0.152781,-0.155833
1107,-0.146150,-0.881097,0.009849,1.744143,1.106285,0.168686,-0.222366,-0.102808,-0.854314,-0.067712,1.705386,1.111429,0.202373,-0.258831
1108,-0.190985,-0.875982,0.087034,1.803027,1.096791,0.141862,-0.193238,-0.154307,-0.857748,-0.017739,1.759556,1.111048,0.168803,-0.175669
1109,-0.216870,-0.866467,0.165141,1.852730,1.084153,0.139782,-0.207269,-0.193217,-0.859274,0.047494,1.796559,1.089685,0.165751,-0.194743
1110,-0.244549,-0.871464,0.236212,1.904312,1.071576,0.207060,-0.371705,-0.221065,-0.860037,0.118448,1.837758,1.077478,0.216106,-0.401503
1111,-0.331283,-0.927349,0.591721,1.818548,1.056707,0.380268,-0.678908,-0.288205,-0.889792,0.304227,1.843481,1.038949,0.422484,-0.702106
1112,-0.357563,-0.951358,0.778687,1.732412,1.057261,0.505887,-0.820917,-0.333982,-0.901999,0.527390,1.820211,1.040475,0.534257,-0.861944
1113,-0.333489,-0.947195,0.852947,1.576709,1.067196,0.613912,-0.929332,-0.338560,-0.901617,0.692950,1.727893,1.040856,0.626574,-0.937858
1114,-0.283916,-0.911953,0.854829,1.391253,1.080660,0.668592,-0.997033,-0.323301,-0.895895,0.779164,1.576448,1.046197,0.682650,-1.028267
1115,-0.227590,-0.846283,0.789455,1.188545,1.095774,0.619090,-0.950858,-0.289731,-0.877203,0.798619,1.400587,1.067178,0.637636,-0.978294
1116,-0.195636,-0.769849,0.698613,0.951977,1.113480,0.530768,-0.727635,-0.255779,-0.826467,0.778782,1.194209,1.089303,0.561341,-0.733768
1117,-0.198379,-0.710947,0.663249,0.702206,1.137059,0.434007,-0.392025,-0.240520,-0.752842,0.736057,0.965324,1.111810,0.472076,-0.377470
1118,-0.195029,-0.692844,0.597618,0.533806,1.152776,0.358085,-0.084840,-0.241283,-0.702869,0.683032,0.752842,1.138895,0.379377,-0.064279
1119,-0.178796,-0.708708,0.445124,0.438029,1.160792,0.280717,0.174911,-0.228695,-0.695239,0.597200,0.594911,1.159876,0.304608,0.141337
1120,-0.151550,-0.732527,0.272164,0.451405,1.165904,0.201306,0.379339,-0.203517,-0.704395,0.462539,0.502594,1.157206,0.215724,0.389296
1121,-0.109299,-0.744768,0.147705,0.543630,1.168278,0.129534,0.526070,-0.164988,-0.733005,0.317197,0.483902,1.159495,0.136378,0.553330
1122,-0.037215,-0.740615,0.077565,0.721368,1.168146,0.091542,0.601159,-0.110437,-0.760090,0.195506,0.542649,1.157206,0.090219,0.634585
1123,0.030673,-0.730219,0.056876,0.920295,1.163694,0.118880,0.520082,-0.047875,-0.765431,0.112726,0.668536,1.153391,0.089075,0.616274
1124,0.059830,-0.743642,0.044843,1.002023,1.157024,0.230144,0.170912,0.001717,-0.763523,0.069619,0.806249,1.142329,0.194362,0.272946
1125,0.056812,-0.771754,0.071465,0.995579,1.152510,0.413430,-0.229979,0.010872,-0.758183,0.064279,0.906577,1.153773,0.376326,-0.190547
1126,0.055159,-0.787997,0.098049,0.994182,1.149976,0.446944,-0.427838,0.010109,-0.755894,0.067330,0.982872,1.149577,0.512131,-0.477417
1127,0.054271,-0.797060,0.138547,0.923088,1.165500,0.350160,-0.387360,0.009728,-0.758183,0.071145,1.006142,1.149577,0.454147,-0.467880
1128,0.034683,-0.791091,0.141307,0.839373,1.160739,0.253120,-0.263576,0.008583,-0.761997,0.081827,0.966468,1.149958,0.325208,-0.296216
1129,0.008335,-0.751885,0.074501,0.718362,1.116535,0.224901,-0.200641,0.004768,-0.762760,0.085260,0.879492,1.137751,0.259976,-0.203899
1130,-0.028907,-0.687150,-0.033353,0.646108,1.058141,0.236821,-0.134607,0.004768,-0.750172,0.067712,0.774586,1.096170,0.258450,-0.195125
1131,-0.082813,-0.616409,-0.139914,0.596361,0.997012,0.234777,-0.044912,-0.000572,-0.705158,0.000954,0.690280,1.037423,0.254253,-0.073434
1132,-0.134258,-0.565673,-0.205773,0.567054,0.940781,0.212037,0.031893,-0.027276,-0.654421,-0.086023,0.624285,0.976768,0.242046,0.026131
1133,-0.141402,-0.553362,-0.179688,0.574257,0.894490,0.196061,0.078163,-0.063516,-0.612459,-0.147440,0.587663,0.930228,0.224880,0.060845
1134,-0.111027,-0.585096,-0.063044,0.675718,0.883527,0.175990,0.110070,-0.086023,-0.592241,-0.141718,0.593767,0.904288,0.215343,0.088312
1135,-0.079103,-0.660543,0.040878,0.669676,0.969022,0.112226,0.163100,-0.089456,-0.598726,-0.094034,0.631151,0.918784,0.186351,0.098611
1136,-0.080927,-0.736940,0.274756,0.559663,1.029200,0.129163,0.109961,-0.091745,-0.631533,-0.008583,0.647936,0.979057,0.142481,0.137522
1137,-0.131996,-0.811162,0.532608,0.470616,1.083359,0.172413,-0.019119,-0.095178,-0.702106,0.157740,0.612078,1.037423,0.178721,0.063897
1138,-0.209143,-0.865959,0.822193,0.421175,1.132103,0.210263,-0.137554,-0.124170,-0.778782,0.376707,0.539979,1.083200,0.221065,-0.090982
1139,-0.255653,-0.891955,0.951764,0.426154,1.175972,0.239278,-0.223797,-0.168421,-0.833715,0.622377,0.475128,1.129358,0.237087,-0.185206
1140,-0.263639,-0.898403,0.936495,0.446285,1.215455,0.253337,-0.261673,-0.200465,-0.863851,0.797475,0.443465,1.165217,0.238994,-0.249294
1141,-0.237664,-0.888891,0.792310,0.456228,1.250989,0.258009,-0.229727,-0.210384,-0.874533,0.861944,0.436599,1.204128,0.247005,-0.260357
1142,-0.194157,-0.877274,0.549686,0.461418,1.272236,0.268280,-0.104021,-0.208858,-0.874151,0.832189,0.436599,1.235790,0.251965,-0.247005
1143,-0.171221,-0.879046,0.394325,0.426393,1.270302,0.274732,0.030205,-0.195506,-0.867285,0.694095,0.439269,1.265927,0.274472,-0.079156
1144,-0.172061,-0.902464,0.270467,0.361302,1.263776,0.271354,0.145657,-0.192073,-0.870336,0.534638,0.438888,1.260586,0.301556,0.090982
1145,-0.182609,-0.947821,0.180559,0.342643,1.254992,0.272616,0.227347,-0.193980,-0.879492,0.393874,0.411803,1.261349,0.303082,0.179484
1146,-0.199344,-1.013543,0.144710,0.322825,1.246100,0.268859,0.292946,-0.193599,-0.900855,0.284771,0.377852,1.260586,0.295453,0.241665
1147,-0.211775,-1.060324,0.126905,0.320453,1.238309,0.263650,0.342318,-0.193599,-0.948539,0.217250,0.348859,1.260586,0.280957,0.293164
1148,-0.220869,-1.092600,0.118047,0.322057,1.231498,0.258220,0.379954,-0.193980,-1.015679,0.176051,0.335126,1.235027,0.274090,0.395781
1149,-0.259131,-1.170518,0.115971,0.325100,1.226787,0.243006,0.420958,-0.210384,-1.100748,0.153925,0.325971,1.224346,0.244335,0.427062
1150,-0.349932,-1.266997,0.163916,0.328058,1.223683,0.222612,0.461518,-0.263409,-1.192683,0.152399,0.321012,1.223583,0.220302,0.439269
1151,-0.469227,-1.340542,0.257205,0.361401,1.219484,0.195405,0.506606,-0.358778,-1.281567,0.193217,0.329786,1.223583,0.206950,0.523194
1152,-0.617592,-1.390589,0.390421,0.422874,1.214095,0.172696,0.545158,-0.484665,-1.363584,0.278286,0.365263,1.219768,0.184062,0.561341
1153,-0.817496,-1.433513,0.578094,0.461662,1.205486,0.145723,0.596299,-0.642214,-1.421569,0.411040,0.408751,1.212520,0.163462,0.599489
1154,-1.078636,-1.452484,0.848666,0.460194,1.202947,0.134986,0.616672,-0.845159,-1.448272,0.604829,0.433165,1.209087,0.155070,0.630388
1155,-1.374750,-1.458160,1.148666,0.437325,1.201992,0.127211,0.631796,-1.085489,-1.453231,0.857366,0.435073,1.204891,0.136759,0.631914
1156,-1.674361,-1.451496,1.443526,0.406618,1.201512,0.123193,0.642088,-1.346418,-1.451705,1.140803,0.427443,1.199550,0.123407,0.629625
1157,-1.983662,-1.436650,1.570796,0.391010,1.200373,0.124011,0.648335,-1.606203,-1.444076,1.356718,0.415999,1.198787,0.122644,0.625048
1158,-2.111927,-1.424954,1.570796,0.401561,1.200442,0.122226,0.657047,-1.830892,-1.438354,1.469635,0.414855,1.201457,0.138285,0.634203
1159,-2.179041,-1.415149,1.570796,0.412171,1.200396,0.123491,0.661252,-1.989967,-1.437591,1.512741,0.414855,1.201076,0.139048,0.634203
1160,-2.225773,-1.405464,1.570796,0.448176,1.195845,0.129298,0.659505,-2.089914,-1.437591,1.520752,0.415999,1.201457,0.138666,0.633822
1161,-2.275971,-1.391144,1.570796,0.485922,1.188488,0.136654,0.659539,-2.160487,-1.434920,1.520752,0.428206,1.197261,0.139429,0.633822
1162,-2.330990,-1.372712,1.570796,0.511254,1.184567,0.140755,0.661334,-2.219234,-1.424239,1.520752,0.450332,1.197642,0.132181,0.633440
1163,-2.382580,-1.349219,1.570796,0.510771,1.184795,0.143623,0.666061,-2.272641,-1.403258,1.520752,0.472076,1.197261,0.135615,0.633822
1164,-2.412035,-1.330103,1.570796,0.496353,1.187043,0.142836,0.669903,-2.320706,-1.369306,1.520752,0.478943,1.198024,0.139048,0.633440
1165,-2.425149,-1.309066,1.570796,0.482858,1.189344,0.144596,0.669361,-2.352750,-1.337644,1.520752,0.478943,1.198024,0.149729,0.633822
1166,-2.414924,-1.298789,1.570796,0.471071,1.191723,0.144095,0.660032,-2.366865,-1.315900,1.520752,0.478943,1.198787,0.150111,0.633440
1167,-2.382125,-1.282942,1.570796,0.491602,1.195664,0.147891,0.628326,-2.365721,-1.305982,1.520752,0.478943,1.198024,0.149348,0.628862
1168,-2.313558,-1.266399,1.570796,0.579910,1.198127,0.152072,0.569719,-2.360380,-1.305219,1.520752,0.493439,1.198024,0.145914,0.608263
1169,-2.221324,-1.244003,1.570796,0.667901,1.197981,0.142792,0.482683,-2.332532,-1.304837,1.520371,0.539216,1.197642,0.147059,0.508316
1170,-2.111610,-1.220631,1.570796,0.753169,1.196921,0.124170,0.393214,-2.262722,-1.293011,1.520371,0.610170,1.198024,0.131800,0.435454
1171,-1.997094,-1.202692,1.570796,0.842994,1.195254,0.107831,0.283257,-2.175746,-1.264782,1.520371,0.693332,1.197642,0.112726,0.328641
1172,-1.804996,-1.187048,1.570796,0.954948,1.192018,0.100861,0.147682,-2.064736,-1.230068,1.519989,0.790990,1.197261,0.113107,0.200084
1173,-1.579522,-1.174936,1.570796,1.072705,1.187633,0.115895,-0.016907,-1.917868,-1.198405,1.518082,0.905814,1.196880,0.121118,0.066949
1174,-1.286974,-1.152440,1.377883,1.212267,1.180377,0.154846,-0.202142,-1.724460,-1.168269,1.494430,1.021401,1.191539,0.141718,-0.110437
1175,-0.987720,-1.103469,1.177632,1.278346,1.175999,0.210449,-0.387507,-1.468490,-1.135843,1.406310,1.136606,1.181621,0.179103,-0.310712
1176,-0.699858,-1.037634,1.042571,1.295093,1.174891,0.285627,-0.577598,-1.183909,-1.086633,1.275082,1.218624,1.178187,0.247387,-0.506027
1177,-0.498244,-0.958736,0.970306,1.283503,1.175807,0.354076,-0.722054,-0.911917,-1.024834,1.148814,1.259823,1.174372,0.330167,-0.681125
1178,-0.320812,-0.864791,0.890091,1.218310,1.178937,0.401802,-0.815982,-0.682650,-0.963035,1.062600,1.264401,1.174754,0.380903,-0.784886
1179,-0.196807,-0.768052,0.787235,1.146598,1.184902,0.425489,-0.864255,-0.485428,-0.889792,0.975624,1.235790,1.175898,0.413329,-0.855840
1180,-0.120679,-0.701923,0.771827,1.131675,1.195205,0.430433,-0.864755,-0.327115,-0.804341,0.886358,1.184291,1.175898,0.431640,-0.889029
1181,-0.060886,-0.640962,0.773439,1.161728,1.202377,0.412392,-0.795327,-0.214580,-0.734913,0.836004,1.155680,1.177806,0.430114,-0.877966
1182,-0.025130,-0.557692,0.793706,1.179762,1.211699,0.352669,-0.560553,-0.129129,-0.675402,0.817693,1.155680,1.191539,0.418669,-0.758564
1183,-0.040566,-0.525687,0.898293,1.212222,1.220462,0.272014,-0.321999,-0.071527,-0.603304,0.819219,1.157206,1.202220,0.345045,-0.467498
1184,-0.101248,-0.502012,1.033324,1.194367,1.225928,0.218969,-0.180022,-0.057794,-0.549134,0.852026,1.170558,1.201839,0.269894,-0.260739
1185,-0.185172,-0.470912,1.139317,1.151424,1.232714,0.177156,-0.076112,-0.082208,-0.523575,0.937858,1.170558,1.201839,0.244335,-0.148203
1186,-0.271450,-0.446259,1.202051,1.069356,1.258473,0.134655,0.022807,-0.126841,-0.502976,1.042763,1.169413,1.218624,0.186732,-0.066567
1187,-0.354784,-0.436523,1.277408,1.020496,1.271138,0.132182,0.006779,-0.183299,-0.468643,1.130503,1.130884,1.254101,0.157740,0.007439
1188,-0.420169,-0.417416,1.279699,0.991854,1.284410,0.135202,-0.083164,-0.255398,-0.449569,1.206416,1.083963,1.254101,0.157359,-0.007057
1189,-0.480450,-0.403210,1.258473,1.014370,1.293135,0.098532,-0.096204,-0.328260,-0.442321,1.238842,1.041619,1.254864,0.157359,-0.135615
1190,-0.532166,-0.407590,1.212977,1.078834,1.297633,0.030859,-0.038241,-0.387388,-0.440414,1.239223,1.032845,1.280804,0.107004,-0.135615
1191,-0.532166,-0.407590,1.212977,1.078834,1.297633,0.030859,-0.038241,-0.445754,-0.440414,1.236553,1.042000,1.280423,0.037957,-0.018883
1192,-0.596193,-0.430762,1.164300,1.142802,1.298848,-0.040011,0.043324,-0.507553,-0.441176,1.213283,1.073663,1.280423,-0.041009,0.047875
1193,-0.683963,-0.474282,1.122755,1.237354,1.295689,-0.094365,0.114855,-0.575074,-0.452239,1.182383,1.138514,1.280804,-0.094034,0.116541
1194,-0.766309,-0.525980,1.127126,1.327402,1.288667,-0.129568,0.162359,-0.661288,-0.484665,1.173991,1.227779,1.280423,-0.106241,0.164225
1195,-0.850467,-0.579943,1.161135,1.404096,1.278188,-0.153435,0.196650,-0.758183,-0.532731,1.171321,1.318952,1.280041,-0.124552,0.168040
1196,-0.923820,-0.622984,1.188182,1.480580,1.263335,-0.168399,0.226109,-0.842489,-0.580034,1.171321,1.396773,1.279278,-0.131037,0.235561
1197,-0.985438,-0.652502,1.200753,1.535965,1.245651,-0.176923,0.251134,-0.920691,-0.622377,1.171321,1.463149,1.264019,-0.149729,0.267224
1198,-1.028110,-0.672737,1.219228,1.609232,1.224755,-0.177487,0.270247,-0.982109,-0.654421,1.171321,1.524949,1.242275,-0.153925,0.267605
1199,-1.065694,-0.691722,1.257613,1.618486,1.203842,-0.182541,0.285090,-1.026360,-0.666247,1.171702,1.571489,1.241894,-0.153162,0.267987
1200,-1.137747,-0.734073,1.320645,1.549328,1.185331,-0.161862,0.289313,-1.078622,-0.676547,1.202602,1.582170,1.207179,-0.121118,0.267605
1201,-1.275067,-0.806401,1.382931,1.384099,1.177262,-0.134396,0.301337,-1.153773,-0.707065,1.272793,1.532959,1.200694,-0.084878,0.265316
1202,-1.495739,-0.881899,1.505774,1.188203,1.178386,-0.108952,0.328886,-1.271267,-0.759709,1.376936,1.401732,1.200313,-0.066567,0.269512
1203,-1.746809,-0.948476,1.570796,0.995365,1.191627,-0.084075,0.397233,-1.423857,-0.823033,1.484512,1.217479,1.197642,-0.070382,0.314908
1204,-1.894916,-0.982795,1.570796,0.880911,1.206408,-0.071128,0.453942,-1.586748,-0.894369,1.538682,1.033608,1.197642,-0.093271,0.419432
1205,-1.986116,-1.018509,1.570796,0.838736,1.212347,-0.058292,0.489215,-1.759937,-0.970283,1.540208,0.901236,1.197642,-0.092126,0.483139
1206,-2.026832,-1.058331,1.570796,0.816877,1.215028,-0.045853,0.521532,-1.917487,-1.037804,1.539826,0.831044,1.198405,-0.071145,0.560960
1207,-2.017158,-1.104131,1.570796,0.796368,1.216719,-0.011067,0.553176,-2.015145,-1.088922,1.538300,0.799763,1.201457,-0.008965,0.585374
1208,-1.957902,-1.152380,1.570796,0.809043,1.216350,0.046756,0.545101,-2.033455,-1.124018,1.538300,0.791752,1.201457,0.034905,0.582704
1209,-1.846268,-1.201267,1.515759,0.794430,1.216690,0.121995,0.479894,-1.993400,-1.155680,1.534485,0.791752,1.201457,0.107767,0.516709
1210,-1.679600,-1.243070,1.382013,0.723086,1.220022,0.197675,0.342205,-1.895361,-1.184291,1.493286,0.780308,1.201457,0.197032,0.369459
1211,-1.401802,-1.276220,1.167205,0.542576,1.242597,0.277876,0.134497,-1.730945,-1.198024,1.379225,0.717746,1.212902,0.283627,0.179103
1212,-1.120024,-1.270651,0.876187,0.455751,1.265234,0.318214,0.029097,-1.521897,-1.204128,1.224346,0.619326,1.239223,0.321393,0.034905
1213,-0.827008,-1.231372,0.578699,0.387044,1.275685,0.320669,0.017726,-1.269360,-1.208705,1.002708,0.521286,1.255627,0.322919,0.001335
1214,-0.482706,-1.141725,0.361705,0.374685,1.285688,0.314965,0.027893,-0.984016,-1.202983,0.727665,0.443847,1.256008,0.317960,0.029564
1215,-0.310029,-1.051714,0.288755,0.316765,1.297854,0.307273,0.040116,-0.707065,-1.170558,0.508698,0.384337,1.257534,0.308042,0.068475
1216,-0.211991,-0.951699,0.277674,0.306745,1.319246,0.298400,0.039909,-0.496109,-1.103037,0.386625,0.333600,1.278515,0.296597,0.071527
1217,-0.150784,-0.896184,0.290079,0.301601,1.327207,0.298488,0.035436,-0.345808,-1.013390,0.335508,0.306516,1.281567,0.298123,0.053216
1218,-0.098145,-0.839655,0.295529,0.316690,1.330759,0.303045,0.021082,-0.238994,-0.926795,0.326734,0.304608,1.307126,0.298886,0.042153
1219,-0.048417,-0.789857,0.291710,0.339457,1.330055,0.310075,-0.001113,-0.165370,-0.855840,0.327115,0.307660,1.307126,0.304990,0.005913
1220,-0.006897,-0.748507,0.259375,0.324273,1.326114,0.327826,-0.038183,-0.105097,-0.800526,0.324445,0.316052,1.307126,0.313764,-0.008583
1221,0.033399,-0.712336,0.222679,0.293445,1.312611,0.350346,-0.041030,-0.060082,-0.761234,0.301175,0.314527,1.306744,0.340848,-0.057412
1222,0.043898,-0.701896,0.200392,0.259452,1.301084,0.352737,0.032194,-0.022316,-0.729953,0.269512,0.308042,1.306363,0.359159,-0.041009
1223,0.039158,-0.725442,0.159852,0.265146,1.289533,0.335536,0.131176,-0.000191,-0.709354,0.242428,0.285534,1.306363,0.354963,0.059701
1224,0.008258,-0.804226,0.119022,0.236818,1.273416,0.297009,0.279689,0.011635,-0.714313,0.206950,0.269512,1.290341,0.340848,0.169947
1225,-0.037074,-0.895421,0.072597,0.205479,1.267414,0.274788,0.334154,0.010109,-0.741779,0.169566,0.254253,1.275463,0.305753,0.317578
1226,-0.094777,-1.011102,0.059635,0.214157,1.262015,0.251840,0.376552,-0.001335,-0.811589,0.128367,0.229458,1.275845,0.280957,0.320630
1227,-0.153453,-1.116679,0.073680,0.243105,1.255999,0.228865,0.408718,-0.029564,-0.914588,0.108148,0.213817,1.266690,0.246242,0.351530
1228,-0.228094,-1.210232,0.073699,0.338212,1.244915,0.207612,0.436949,-0.082208,-1.035134,0.108148,0.217250,1.249523,0.218395,0.432403
1229,-0.291468,-1.267405,0.083774,0.493860,1.226190,0.179336,0.459332,-0.146677,-1.160258,0.108148,0.263790,1.242275,0.199321,0.449569
1230,-0.297428,-1.285469,0.061282,0.670674,1.200099,0.161170,0.470509,-0.216487,-1.257916,0.108148,0.370603,1.223201,0.177577,0.462158
1231,-0.300290,-1.280551,0.037868,0.801117,1.166538,0.161386,0.455795,-0.262646,-1.309033,0.091745,0.524338,1.200694,0.177958,0.501450
1232,-0.323336,-1.266679,0.042189,0.905251,1.131022,0.150786,0.438365,-0.289349,-1.314755,0.063897,0.679980,1.178950,0.188640,0.481994
1233,-0.330880,-1.260137,0.045680,0.920461,1.098825,0.135691,0.426132,-0.305753,-1.306363,0.063516,0.810445,1.147669,0.182918,0.424010
1234,-0.355920,-1.246389,0.069795,1.022534,1.070680,0.116099,0.417518,-0.314145,-1.292248,0.063516,0.924887,1.083200,0.135615,0.415618
1235,-0.407146,-1.246378,0.133649,1.099076,1.046946,0.105937,0.400337,-0.351148,-1.269741,0.079156,1.010338,1.058785,0.109674,0.408751
1236,-0.521853,-1.258957,0.223164,1.200130,1.023759,0.105703,0.371359,-0.419432,-1.266308,0.135996,1.093881,1.032464,0.107004,0.371748
1237,-0.648930,-1.271832,0.388587,1.362488,1.002497,0.131407,0.324754,-0.525483,-1.271649,0.243954,1.208705,1.006523,0.119974,0.341230
1238,-0.813238,-1.285882,0.596493,1.501299,0.966644,0.194034,0.203663,-0.662432,-1.280041,0.393874,1.340696,0.972953,0.187495,0.189784
1239,-1.000453,-1.288289,0.830553,1.611895,0.953064,0.230073,0.094581,-0.823033,-1.278515,0.583848,1.478408,0.964179,0.242428,0.074197
1240,-1.193105,-1.285659,1.041090,1.748875,0.947064,0.282967,-0.096646,-0.998131,-1.278515,0.788701,1.608492,0.946632,0.277905,-0.114252
1241,-1.421163,-1.264781,1.332070,1.830168,0.938535,0.469780,-0.499449,-1.194209,-1.271649,1.013390,1.706531,0.928321,0.459487,-0.501068
1242,-1.519027,-1.240881,1.486565,1.879013,0.938798,0.593890,-0.675416,-1.350614,-1.252193,1.236172,1.818303,0.927558,0.636492,-0.734913
1243,-1.507292,-1.211126,1.550714,1.871622,0.940567,0.687725,-0.803734,-1.422332,-1.225872,1.384184,1.869039,0.919165,0.695239,-0.781071
1244,-1.333615,-1.181876,1.445370,1.848421,0.940909,0.688586,-0.881172,-1.405928,-1.206416,1.420806,1.869039,0.920691,0.704776,-0.897040
1245,-1.054997,-1.123246,1.200353,1.793279,0.944197,0.629566,-0.901953,-1.275082,-1.176661,1.342985,1.840047,0.919928,0.644503,-0.907721
1246,-0.810249,-1.032307,1.012603,1.753884,0.950346,0.571078,-0.882849,-1.093500,-1.118677,1.208324,1.794652,0.920310,0.583848,-0.903525
1247,-0.605545,-0.900724,0.881110,1.703526,0.961452,0.529755,-0.870493,-0.898947,-1.021782,1.054971,1.748493,0.924125,0.546845,-0.882544
1248,-0.445578,-0.766977,0.867873,1.644933,0.975087,0.520451,-0.889627,-0.725376,-0.899710,0.943580,1.700809,0.924506,0.531586,-0.881399
1249,-0.366832,-0.685825,0.915281,1.574691,0.989341,0.530584,-0.921274,-0.581559,-0.780308,0.909628,1.648928,0.941291,0.540360,-0.890555
1250,-0.283445,-0.597297,0.943981,1.423387,1.027551,0.526735,-0.941549,-0.462539,-0.678073,0.909628,1.570344,0.976387,0.539979,-0.928702
1251,-0.232831,-0.554504,0.932269,1.335205,1.047867,0.514815,-0.911952,-0.362593,-0.601396,0.910773,1.470779,1.025978,0.528153,-0.939002
1252,-0.204503,-0.515824,0.952020,1.249889,1.067489,0.492638,-0.850905,-0.285534,-0.556001,0.911536,1.376936,1.038567,0.523194,-0.904288
1253,-0.189657,-0.483234,0.951964,1.181097,1.083317,0.439782,-0.744231,-0.237850,-0.524720,0.911536,1.293011,1.061074,0.472839,-0.781834
1254,-0.189844,-0.463420,0.949460,1.112329,1.095691,0.318820,-0.507174,-0.213436,-0.498016,0.911536,1.221675,1.082055,0.376707,-0.590333
1255,-0.208094,-0.465836,0.901138,1.025726,1.103928,0.184136,-0.234504,-0.207332,-0.477798,0.911154,1.153773,1.089685,0.264935,-0.336652
1256,-0.253291,-0.511596,0.803525,0.885919,1.110121,0.071322,0.007872,-0.209621,-0.470550,0.901617,1.074044,1.097314,0.154688,-0.082208
1257,-0.320826,-0.585238,0.686542,0.617456,1.104229,-0.028829,0.219360,-0.223735,-0.478943,0.855840,0.939765,1.099222,0.055123,0.107767
1258,-0.356203,-0.645005,0.578197,0.396460,1.085457,-0.125413,0.418439,-0.269894,-0.504501,0.768864,0.727665,1.096933,-0.059319,0.312619
1259,-0.348664,-0.685696,0.402942,0.334081,1.061447,-0.212335,0.592101,-0.317960,-0.578126,0.647936,0.528534,1.093118,-0.153162,0.514038
1260,-0.314444,-0.718413,0.311360,0.342981,1.044941,-0.272887,0.712633,-0.338941,-0.679217,0.496872,0.407225,1.084344,-0.228695,0.705921
1261,-0.284465,-0.742455,0.286645,0.378452,1.034146,-0.278639,0.783539,-0.332456,-0.769245,0.383955,0.354963,1.061456,-0.273709,0.818456
1262,-0.263627,-0.765973,0.312194,0.440436,1.031274,-0.185832,0.767275,-0.308042,-0.813497,0.327497,0.353819,1.050393,-0.249676,0.834859
1263,-0.251157,-0.809457,0.379746,0.513096,1.031620,0.039336,0.528436,-0.288968,-0.818074,0.328260,0.381666,1.039712,-0.108530,0.753605
1264,-0.272158,-0.881306,0.579077,0.650594,1.040957,0.229428,0.090700,-0.266461,-0.827230,0.345808,0.440032,1.026741,0.107385,0.368696
1265,-0.311751,-0.929254,0.793114,0.822590,1.051438,0.480006,-0.286075,-0.269894,-0.869955,0.478943,0.549897,1.040856,0.313001,-0.078775
1266,-0.342063,-0.934550,0.878603,0.885295,1.061763,0.723262,-0.560704,-0.300412,-0.912299,0.643359,0.702487,1.033608,0.604448,-0.422866
1267,-0.352100,-0.908642,0.879494,0.892675,1.081411,1.035044,-0.895837,-0.345045,-0.912680,0.754749,0.830282,1.028649,0.784886,-0.694858
1268,-0.340071,-0.886045,0.868851,0.921479,1.085894,1.136591,-0.992390,-0.371748,-0.902380,0.808537,0.896658,1.054208,0.784886,-0.996605
1269,-0.318369,-0.859641,0.841219,0.930442,1.088049,1.162710,-1.060807,-0.359922,-0.891699,0.832189,0.913443,1.071756,0.784886,-1.029412
1270,-0.268499,-0.816880,0.782363,0.952742,1.084152,1.126415,-1.097947,-0.350767,-0.882544,0.830663,0.914969,1.070993,0.784886,-1.085107
1271,-0.205005,-0.749845,0.740019,0.980455,1.080707,1.042158,-1.102931,-0.325971,-0.861563,0.811589,0.922599,1.070611,0.784886,-1.099222
1272,-0.144814,-0.659290,0.765062,0.984797,1.082384,0.902077,-1.081018,-0.284771,-0.814641,0.775349,0.938239,1.069848,0.784504,-1.098840
1273,-0.101674,-0.568194,0.782497,0.918208,1.084282,0.744849,-1.016115,-0.240902,-0.737583,0.765431,0.942817,1.067941,0.783742,-1.091592
1274,-0.081869,-0.485115,0.808682,0.822883,1.082998,0.601000,-0.928750,-0.186351,-0.637636,0.765431,0.938239,1.070993,0.747501,-1.007286
1275,-0.083144,-0.429326,0.885389,0.757652,1.079333,0.478728,-0.841933,-0.148585,-0.529679,0.766194,0.893606,1.067178,0.600252,-0.903906
1276,-0.083144,-0.429326,0.885389,0.757652,1.079333,0.478728,-0.841933,-0.132563,-0.456054,0.813878,0.832570,1.066033,0.484665,-0.828374
1277,-0.093496,-0.395135,0.948095,0.717862,1.074327,0.378988,-0.757760,-0.127222,-0.415999,0.876059,0.782216,1.070993,0.389677,-0.790227
1278,-0.103000,-0.378398,0.989279,0.730451,1.072187,0.288968,-0.663516,-0.123026,-0.397688,0.933280,0.758564,1.070611,0.294308,-0.657092
1279,-0.130641,-0.372310,1.015222,0.766281,1.073231,0.213065,-0.572302,-0.124552,-0.394636,0.971046,0.756275,1.070611,0.219539,-0.576219
1280,-0.179666,-0.370701,1.046344,0.801705,1.076453,0.138644,-0.483628,-0.130274,-0.393492,0.999657,0.768864,1.070993,0.146296,-0.485809
1281,-0.236546,-0.374116,1.063300,0.872943,1.081532,0.074687,-0.411918,-0.147440,-0.393874,1.018730,0.799763,1.070993,0.077249,-0.425536
1282,-0.302878,-0.385572,1.071972,0.941840,1.086369,0.027856,-0.368474,-0.188640,-0.394255,1.041238,0.848211,1.071374,0.024224,-0.397688
1283,-0.358365,-0.396711,1.073978,1.031469,1.090842,0.000117,-0.349897,-0.243954,-0.395781,1.042763,0.921836,1.071374,0.003624,-0.380140
1284,-0.413686,-0.407478,1.088819,1.113551,1.094035,-0.012756,-0.349147,-0.314145,-0.397688,1.042763,1.006523,1.070993,0.001335,-0.380140
1285,-0.465708,-0.422459,1.091836,1.197049,1.096125,-0.010802,-0.365628,-0.386244,-0.399596,1.042763,1.093500,1.071374,0.013542,-0.381285
1286,-0.524747,-0.456797,1.096438,1.278566,1.099154,0.010422,-0.404841,-0.455673,-0.409895,1.042763,1.182765,1.071374,0.021935,-0.401503
1287,-0.577597,-0.499068,1.112464,1.333460,1.104551,0.038154,-0.454788,-0.518616,-0.438125,1.042763,1.262875,1.071374,0.069619,-0.467498
1288,-0.637133,-0.569192,1.159301,1.409091,1.118485,0.099914,-0.559890,-0.580797,-0.491531,1.059930,1.335355,1.076333,0.126841,-0.553712
1289,-0.706042,-0.627061,1.238843,1.494736,1.132360,0.186087,-0.684675,-0.646410,-0.562104,1.109522,1.403639,1.098459,0.201610,-0.673114
1290,-0.767993,-0.665192,1.318946,1.552416,1.142901,0.308412,-0.796967,-0.703632,-0.624285,1.180476,1.466964,1.105325,0.309186,-0.794423
1291,-0.821905,-0.686231,1.414720,1.593995,1.155226,0.427465,-0.888134,-0.755131,-0.660525,1.265927,1.521515,1.117914,0.430877,-0.887884
1292,-0.846875,-0.686113,1.478586,1.614670,1.168693,0.499942,-0.941973,-0.794423,-0.665484,1.349088,1.563096,1.133936,0.506027,-0.947776
1293,-0.851979,-0.678949,1.507727,1.627822,1.182467,0.547891,-0.967031,-0.813878,-0.665103,1.412413,1.595903,1.142329,0.542267,-0.950446
1294,-0.848657,-0.675094,1.515091,1.633009,1.195230,0.563771,-0.964621,-0.815023,-0.665103,1.451705,1.612688,1.149195,0.573167,-0.950446
1295,-0.842845,-0.672711,1.498137,1.595330,1.206285,0.534361,-0.929613,-0.814641,-0.664721,1.467346,1.615740,1.169795,0.559434,-0.948920
1296,-0.842524,-0.675500,1.481537,1.543550,1.214395,0.460580,-0.844095,-0.814641,-0.664721,1.467346,1.607729,1.183909,0.503357,-0.890936
1297,-0.846618,-0.685715,1.459254,1.462822,1.223365,0.316644,-0.652397,-0.816548,-0.664340,1.467346,1.573014,1.183528,0.399596,-0.718891
1298,-0.872129,-0.703356,1.424377,1.321244,1.223546,0.244939,-0.541472,-0.825322,-0.663577,1.466201,1.500153,1.183909,0.299649,-0.547227
1299,-0.950773,-0.734886,1.376095,1.048653,1.222306,0.173033,-0.426845,-0.847829,-0.664721,1.465438,1.367018,1.183146,0.253872,-0.509842
1300,-1.033407,-0.768538,1.307417,0.823314,1.217444,0.120508,-0.325695,-0.883307,-0.670825,1.452087,1.161021,1.183909,0.176814,-0.389296
1301,-1.119582,-0.819193,1.254875,0.633843,1.199110,0.051608,-0.186615,-0.936713,-0.699817,1.396010,0.933661,1.194209,0.095941,-0.254253
1302,-1.177141,-0.860884,1.227875,0.499736,1.185212,0.025130,-0.128901,-1.021782,-0.757801,1.332303,0.731479,1.193828,0.033379,-0.122644
1303,-1.212440,-0.914534,1.193951,0.418060,1.168108,-0.000218,-0.076214,-1.119059,-0.834478,1.270123,0.570115,1.186580,0.029564,-0.080682
1304,-1.220245,-0.973851,1.156259,0.340258,1.149768,-0.023283,-0.028749,-1.195735,-0.909628,1.215190,0.459106,1.170558,0.008583,-0.002480
1305,-1.202747,-1.030287,1.103023,0.278213,1.128699,-0.042848,0.015944,-1.236553,-0.976005,1.170939,0.375181,1.152628,-0.012398,0.030327
1306,-1.156763,-1.088161,1.005263,0.216529,1.104370,-0.063364,0.061722,-1.231212,-1.029793,1.125544,0.309186,1.128977,-0.027276,0.032235
1307,-1.113801,-1.137565,0.936359,0.171934,1.080681,-0.075940,0.106524,-1.202220,-1.073663,1.060693,0.249676,1.110285,-0.061227,0.071908
1308,-1.075751,-1.189229,0.882463,0.139000,1.058705,-0.084036,0.154018,-1.162547,-1.117151,0.996223,0.201610,1.087778,-0.063516,0.140192
1309,-1.032010,-1.241685,0.824534,0.136206,1.039141,-0.079412,0.210760,-1.122873,-1.167887,0.937095,0.166133,1.065270,-0.071527,0.148585
1310,-0.954685,-1.291148,0.771795,0.141988,1.027510,-0.048761,0.280861,-1.075952,-1.217861,0.883688,0.145914,1.064126,-0.074197,0.236324
1311,-0.820893,-1.323305,0.637450,0.126593,1.020154,-0.005720,0.335805,-1.013771,-1.270504,0.826467,0.141337,1.039712,-0.035286,0.312619
1312,-0.658760,-1.334216,0.467268,0.101726,1.020291,0.014465,0.393536,-0.915351,-1.310559,0.725757,0.136378,1.039330,0.015068,0.351530
1313,-0.505877,-1.332591,0.337060,0.103971,1.034046,0.041423,0.457913,-0.787175,-1.327344,0.588045,0.120737,1.039712,0.034142,0.421340
1314,-0.384229,-1.320009,0.250343,0.122221,1.049618,0.092194,0.454760,-0.650988,-1.326581,0.458724,0.108530,1.040093,0.050546,0.483902
1315,-0.286582,-1.293348,0.181518,0.135823,1.062043,0.155069,0.358300,-0.521668,-1.324292,0.354200,0.108148,1.041619,0.098611,0.468261
1316,-0.214849,-1.249117,0.137209,0.142850,1.072428,0.210429,0.237090,-0.410658,-1.322766,0.268750,0.110437,1.048486,0.171473,0.333600
1317,-0.161340,-1.187806,0.127120,0.174874,1.082152,0.259745,0.102530,-0.321775,-1.306363,0.205425,0.115396,1.052300,0.232128,0.211147
1318,-0.150198,-1.161214,0.127531,0.180606,1.091258,0.295633,0.002111,-0.250820,-1.269360,0.169184,0.131800,1.052300,0.275998,0.099374
1319,-0.128857,-1.113503,0.138181,0.194646,1.099149,0.321885,-0.078152,-0.201991,-1.211376,0.161555,0.150492,1.071374,0.340467,-0.097848
1320,-0.111321,-1.049679,0.162880,0.209582,1.106854,0.343682,-0.136361,-0.177958,-1.125925,0.161936,0.178721,1.089685,0.355726,-0.138666
1321,-0.086078,-0.968718,0.205581,0.252484,1.112868,0.362053,-0.179662,-0.149348,-1.041619,0.165370,0.211528,1.089685,0.357252,-0.164988
1322,-0.057732,-0.899934,0.246156,0.268341,1.118843,0.370198,-0.198435,-0.121881,-0.963798,0.189784,0.237850,1.090066,0.380522,-0.191691
1323,-0.023356,-0.828150,0.274693,0.281805,1.127799,0.374595,-0.195066,-0.093271,-0.893225,0.221828,0.258450,1.093118,0.386244,-0.191691
1324,0.008380,-0.787426,0.302192,0.324087,1.132518,0.377545,-0.186635,-0.062753,-0.834478,0.254253,0.284771,1.111429,0.387388,-0.183680
1325,0.047944,-0.739528,0.318822,0.384923,1.135163,0.399966,-0.221260,-0.021553,-0.787938,0.271420,0.324445,1.115625,0.404936,-0.205806
1326,0.067836,-0.689298,0.334707,0.374206,1.137733,0.429265,-0.267725,0.007820,-0.744450,0.287060,0.346952,1.116007,0.446899,-0.275616
1327,0.058211,-0.628660,0.378954,0.301183,1.140285,0.466095,-0.303287,0.013542,-0.693332,0.319867,0.334363,1.116007,0.486191,-0.295071
1328,0.052619,-0.594158,0.395197,0.278906,1.140365,0.469492,-0.289921,0.013924,-0.641451,0.349622,0.310712,1.116007,0.487335,-0.291257
1329,0.058293,-0.568741,0.388350,0.294598,1.139424,0.456906,-0.232768,0.018502,-0.597581,0.362211,0.298886,1.116007,0.472076,-0.251965
1330,0.053661,-0.557033,0.392629,0.289811,1.137145,0.437836,-0.167682,0.027657,-0.570878,0.362211,0.298886,1.116007,0.460632,-0.183299
1331,0.048679,-0.559182,0.382236,0.296158,1.129336,0.427561,-0.122069,0.027276,-0.565156,0.361830,0.298886,1.115625,0.446517,-0.140192
1332,0.030101,-0.585476,0.356699,0.254586,1.121544,0.422057,-0.090022,0.024987,-0.566300,0.361830,0.292020,1.115625,0.447280,-0.100900
1333,0.004294,-0.640341,0.311051,0.228413,1.115956,0.406455,-0.050108,0.024224,-0.576982,0.359159,0.271038,1.115625,0.445373,-0.094797
1334,-0.031515,-0.718958,0.265987,0.202836,1.112515,0.375583,0.010908,0.021935,-0.608644,0.342374,0.247005,1.115625,0.404555,-0.045968
1335,-0.079199,-0.812669,0.220444,0.188123,1.110533,0.335282,0.074594,0.007439,-0.673495,0.298886,0.218395,1.115244,0.342374,0.049401
1336,-0.136952,-0.904457,0.194418,0.201005,1.108086,0.296673,0.129258,-0.026894,-0.771153,0.259213,0.193599,1.114862,0.301556,0.107004
1337,-0.193376,-0.984272,0.187114,0.191051,1.106206,0.275151,0.157221,-0.080682,-0.881018,0.229458,0.186351,1.111048,0.283627,0.163844
1338,-0.253314,-1.061276,0.212854,0.183697,1.105713,0.262923,0.169412,-0.152399,-0.982490,0.219539,0.185969,1.111429,0.282101,0.166896
1339,-0.321197,-1.133065,0.257895,0.173561,1.106093,0.258895,0.170652,-0.228695,-1.067178,0.224498,0.185969,1.111810,0.280957,0.165751
1340,-0.399057,-1.194565,0.313691,0.150290,1.106155,0.260387,0.164300,-0.298886,-1.135080,0.233654,0.181392,1.111429,0.283246,0.163844
1341,-0.496924,-1.250710,0.405822,0.111053,1.107574,0.263694,0.152149,-0.374037,-1.193065,0.285534,0.162699,1.111810,0.279812,0.158503
1342,-0.652157,-1.310834,0.546263,0.082767,1.109117,0.267131,0.138406,-0.469787,-1.242657,0.375563,0.130655,1.111810,0.282101,0.154688
1343,-0.806929,-1.356865,0.685516,0.076781,1.110341,0.266883,0.134608,-0.592622,-1.291104,0.493057,0.102045,1.111810,0.277523,0.152018
1344,-0.991916,-1.390607,0.851007,0.079156,1.110671,0.265107,0.136206,-0.730335,-1.338025,0.618563,0.094034,1.111048,0.277142,0.152018
1345,-1.217778,-1.411959,1.065615,0.080571,1.111454,0.261894,0.139894,-0.900092,-1.374647,0.773060,0.088693,1.111429,0.280957,0.151637
1346,-1.455786,-1.420175,1.293764,0.083327,1.112684,0.260243,0.140372,-1.099222,-1.397917,0.961509,0.084497,1.111429,0.277142,0.151637
1347,-1.675063,-1.419160,1.510445,0.080402,1.115998,0.257987,0.141912,-1.311704,-1.405928,1.170558,0.079919,1.111429,0.274090,0.154688
1348,-1.871030,-1.411773,1.570796,0.080561,1.121436,0.256196,0.142268,-1.509689,-1.406691,1.358244,0.078393,1.113336,0.277905,0.153925
1349,-1.963677,-1.403893,1.570796,0.078683,1.127258,0.253108,0.146092,-1.692416,-1.405547,1.471160,0.078393,1.112573,0.273709,0.140574
1350,-2.037975,-1.394487,1.570796,0.077474,1.132624,0.252001,0.148998,-1.826696,-1.405165,1.518845,0.078393,1.114481,0.269894,0.139429
1351,-2.113689,-1.383737,1.570796,0.084998,1.136956,0.251910,0.152901,-1.929694,-1.404784,1.527237,0.078393,1.115625,0.270275,0.139811
1352,-2.187424,-1.369286,1.570796,0.094141,1.145777,0.252618,0.158369,-2.015908,-1.404402,1.527237,0.078393,1.116007,0.266842,0.139811
1353,-2.238251,-1.358421,1.570796,0.101045,1.148567,0.254920,0.160583,-2.089914,-1.402113,1.527237,0.078393,1.117151,0.263790,0.140192
1354,-2.267400,-1.346844,1.570796,0.120943,1.149444,0.258734,0.160429,-2.149424,-1.396010,1.527237,0.078393,1.124018,0.265316,0.140955
1355,-2.259224,-1.337000,1.570796,0.218546,1.141465,0.272024,0.154888,-2.189479,-1.387236,1.527237,0.091363,1.123636,0.266461,0.141337
1356,-2.219671,-1.327090,1.570796,0.311500,1.118772,0.282035,0.138958,-2.202449,-1.384947,1.527237,0.148203,1.123255,0.267224,0.143244
1357,-2.169343,-1.319309,1.570796,0.446368,1.100876,0.287291,0.132101,-2.202449,-1.377699,1.527237,0.223354,1.122873,0.280957,0.142100
1358,-2.089902,-1.303090,1.570796,0.617788,1.076689,0.296920,0.126340,-2.198253,-1.370832,1.527237,0.331693,1.111429,0.281338,0.131800
1359,-2.013702,-1.275209,1.570796,0.754135,1.052601,0.304755,0.120636,-2.158579,-1.360151,1.527237,0.472457,1.077859,0.298886,0.132563
1360,-1.950674,-1.239078,1.570796,0.910677,1.031447,0.313315,0.113797,-2.094491,-1.329252,1.527237,0.614748,1.058785,0.306134,0.131800
1361,-1.950674,-1.239078,1.570796,0.910677,1.031447,0.313315,0.113797,-2.027733,-1.284237,1.527237,0.763905,1.036660,0.308423,0.126078
1362,-1.894929,-1.200783,1.570796,1.040099,1.013222,0.319939,0.099830,-1.968605,-1.230449,1.527237,0.907721,1.020638,0.315671,0.102045
1363,-1.820149,-1.154776,1.570796,1.170829,0.998476,0.327092,0.076670,-1.908331,-1.178569,1.527237,1.047341,1.005379,0.327878,0.092126
1364,-1.707018,-1.103908,1.570796,1.315515,0.987644,0.338418,0.032949,-1.832036,-1.133555,1.526856,1.186198,0.987068,0.349622,0.052071
1365,-1.521489,-1.031029,1.558406,1.486864,0.976661,0.383901,-0.097909,-1.723316,-1.084344,1.524567,1.325437,0.962654,0.380903,-0.083734
1366,-1.344963,-0.979184,1.477401,1.576404,0.977614,0.402733,-0.181122,-1.573014,-1.022545,1.512741,1.449798,0.964942,0.400359,-0.186351
1367,-1.147264,-0.904797,1.370935,1.623289,0.984111,0.414160,-0.292322,-1.383040,-0.947395,1.463149,1.537919,0.964942,0.403029,-0.311093
1368,-0.962404,-0.812301,1.299106,1.633095,0.994256,0.437778,-0.415415,-1.186961,-0.867285,1.400587,1.582933,0.966087,0.431640,-0.451095
1369,-0.745510,-0.694562,1.281901,1.599653,1.008514,0.462294,-0.526487,-0.995079,-0.772679,1.345655,1.592470,0.974098,0.477417,-0.537690
1370,-0.574542,-0.596888,1.286598,1.490238,1.025180,0.471176,-0.614661,-0.821889,-0.670825,1.319715,1.558900,0.988975,0.483520,-0.615511
1371,-0.443488,-0.527376,1.257853,1.355927,1.044050,0.479152,-0.692715,-0.661669,-0.576982,1.303693,1.479553,1.009575,0.496872,-0.708591
1372,-0.317366,-0.481825,1.188447,1.253836,1.065906,0.519225,-0.763807,-0.508698,-0.510605,1.272793,1.378462,1.045815,0.517090,-0.782979
1373,-0.260337,-0.460151,1.169919,1.190878,1.088232,0.551437,-0.826133,-0.384718,-0.480087,1.239605,1.288434,1.068322,0.559434,-0.826848
1374,-0.224993,-0.450788,1.136484,1.151474,1.106223,0.531045,-0.807426,-0.299268,-0.476272,1.214046,1.226635,1.092355,0.549134,-0.843633
1375,-0.199128,-0.457505,1.080223,1.120092,1.120781,0.461340,-0.690556,-0.238613,-0.476272,1.180858,1.179713,1.101511,0.487335,-0.749790
1376,-0.190025,-0.477587,1.009185,1.059274,1.132930,0.400050,-0.556907,-0.202754,-0.475509,1.127070,1.137369,1.120966,0.429732,-0.582322
1377,-0.203370,-0.504654,0.979482,1.010831,1.145302,0.349467,-0.443994,-0.199321,-0.478561,1.066033,1.086252,1.130503,0.379759,-0.471313
1378,-0.215219,-0.519186,0.974968,1.013956,1.164227,0.287993,-0.320353,-0.205043,-0.489242,1.020256,1.051156,1.140040,0.325208,-0.330930
1379,-0.240306,-0.503117,0.980834,0.948757,1.171998,0.269250,-0.275917,-0.215724,-0.499542,0.992409,1.017586,1.142710,0.299268,-0.277142
1380,-0.268404,-0.489990,0.995187,0.900141,1.179964,0.260688,-0.223199,-0.231746,-0.496872,0.988212,0.970283,1.150340,0.295834,-0.266461
1381,-0.299222,-0.485682,1.036087,0.863163,1.192284,0.276594,-0.170982,-0.247387,-0.495727,0.990120,0.930991,1.177806,0.295834,-0.198939
1382,-0.332182,-0.484654,1.087975,0.877171,1.215455,0.336804,-0.151021,-0.271801,-0.497253,1.000038,0.893606,1.186580,0.313382,-0.150492
1383,-0.368451,-0.488243,1.182473,0.955011,1.224868,0.394551,-0.242480,-0.307660,-0.499542,1.044671,0.884833,1.198787,0.375181,-0.179484
1384,-0.412457,-0.489125,1.254924,1.005764,1.230937,0.469596,-0.416148,-0.352293,-0.502976,1.115244,0.913062,1.202983,0.446517,-0.351148
1385,-0.444940,-0.477960,1.283860,0.985904,1.224088,0.597022,-0.600667,-0.393111,-0.497253,1.185054,0.954261,1.202220,0.566682,-0.568971
1386,-0.436433,-0.449802,1.258847,0.942196,1.191178,0.667024,-0.781629,-0.417144,-0.477417,1.224727,0.972190,1.192302,0.676547,-0.744068
1387,-0.406305,-0.431996,1.245473,0.933238,1.173803,0.544587,-0.689648,-0.420195,-0.457961,1.225872,0.971809,1.185054,0.654040,-0.817311
1388,-0.379079,-0.412924,1.261016,0.967562,1.172086,0.364177,-0.442313,-0.414855,-0.447280,1.225872,0.969520,1.181621,0.486191,-0.571641
1389,-0.374694,-0.399043,1.276793,0.893995,1.187430,0.203349,-0.184693,-0.412947,-0.434691,1.225872,0.966850,1.170939,0.313001,-0.280957
1390,-0.374872,-0.396499,1.274747,0.834562,1.208056,0.127276,0.026678,-0.412566,-0.418288,1.225872,0.936713,1.180858,0.190929,-0.055886
1391,-0.352911,-0.408492,1.224313,0.858680,1.220560,0.123795,0.165027,-0.409133,-0.411803,1.225872,0.889792,1.193828,0.144388,0.103189
1392,-0.311016,-0.442697,1.091196,0.905879,1.222419,0.113717,0.291938,-0.393111,-0.416762,1.217479,0.874151,1.206416,0.135996,0.221447
1393,-0.298072,-0.483197,0.958325,0.906756,1.220338,0.102300,0.425841,-0.359541,-0.419051,1.148051,0.877203,1.209850,0.130655,0.335508
1394,-0.315435,-0.531182,0.834830,0.906194,1.215718,0.063692,0.543366,-0.328260,-0.435836,1.049248,0.887503,1.214046,0.122644,0.461013
1395,-0.323246,-0.583387,0.713774,0.972558,1.209932,0.004498,0.647936,-0.322538,-0.478561,0.943198,0.894751,1.213283,0.069238,0.564775
1396,-0.313707,-0.626627,0.635211,1.064286,1.202736,-0.049038,0.724721,-0.324445,-0.540742,0.825322,0.925650,1.212520,0.000954,0.676165
1397,-0.297645,-0.658997,0.582809,1.153437,1.192962,-0.069387,0.756067,-0.324826,-0.610933,0.716220,0.984779,1.209087,-0.045968,0.768482
1398,-0.280021,-0.686685,0.550207,1.221482,1.182685,-0.047541,0.707899,-0.324445,-0.667773,0.631533,1.058404,1.208705,-0.057794,0.768864
1399,-0.262706,-0.731359,0.541393,1.318421,1.169426,0.045774,0.463521,-0.324445,-0.697147,0.576219,1.135080,1.201839,-0.039101,0.724613
1400,-0.262352,-0.790224,0.577278,1.293092,1.153385,0.183906,0.046645,-0.319486,-0.728809,0.548753,1.216716,1.182002,0.070382,0.392348
1401,-0.276687,-0.822300,0.627044,1.228544,1.152697,0.282822,-0.247516,-0.321393,-0.760853,0.549897,1.262875,1.169032,0.243191,-0.092889
1402,-0.282883,-0.832265,0.681448,1.138302,1.156080,0.380529,-0.485027,-0.321775,-0.764668,0.554093,1.267834,1.156825,0.345045,-0.342756
1403,-0.282931,-0.827391,0.704515,1.088841,1.161398,0.475617,-0.677402,-0.323301,-0.783742,0.591478,1.224727,1.145762,0.433165,-0.546464
1404,-0.282194,-0.815835,0.720655,1.022697,1.170049,0.562325,-0.821020,-0.323682,-0.790990,0.630770,1.130121,1.143091,0.606355,-0.892081
1405,-0.282574,-0.786348,0.750392,0.867370,1.185540,0.611152,-0.905123,-0.317578,-0.786793,0.689136,1.009957,1.157588,0.635729,-0.959602
1406,-0.276579,-0.751220,0.757218,0.731362,1.205518,0.578144,-0.843201,-0.304608,-0.774586,0.715839,0.866903,1.183146,0.586519,-0.825704
1407,-0.254210,-0.717874,0.766044,0.630283,1.222748,0.563014,-0.820045,-0.301175,-0.759327,0.715457,0.731098,1.187724,0.573167,-0.807393
1408,-0.212164,-0.686415,0.749257,0.579502,1.235664,0.560053,-0.805451,-0.284771,-0.744831,0.715457,0.645647,1.202602,0.575456,-0.807012
1409,-0.137256,-0.646096,0.702094,0.518421,1.246880,0.559575,-0.771750,-0.244717,-0.714313,0.713550,0.580797,1.202220,0.576219,-0.773823
1410,-0.088772,-0.615877,0.662029,0.418168,1.246900,0.543345,-0.672324,-0.194743,-0.663958,0.713169,0.506409,1.210613,0.570497,-0.658618
1411,-0.061131,-0.607929,0.588853,0.352847,1.243342,0.512705,-0.478443,-0.136378,-0.615129,0.675021,0.433928,1.230449,0.534638,-0.475509
1412,-0.063077,-0.652946,0.484918,0.323168,1.235954,0.446949,-0.116252,-0.084878,-0.597581,0.609407,0.386244,1.248760,0.469024,-0.144007
1413,-0.094297,-0.723214,0.389934,0.296191,1.233256,0.413628,0.040533,-0.071908,-0.629625,0.521668,0.337034,1.234646,0.417525,0.047494
1414,-0.148025,-0.833539,0.319128,0.280893,1.232175,0.380762,0.179620,-0.078012,-0.709354,0.436599,0.307660,1.238079,0.388914,0.151255
1415,-0.204948,-0.935268,0.305188,0.285380,1.232094,0.346639,0.291719,-0.110056,-0.813878,0.377470,0.287442,1.233501,0.354963,0.301556
1416,-0.264341,-1.018562,0.307624,0.321053,1.235109,0.304122,0.390137,-0.167659,-0.932136,0.345808,0.283246,1.223964,0.301175,0.409895
1417,-0.303046,-1.075827,0.317973,0.368174,1.241753,0.245294,0.492668,-0.231746,-1.033227,0.333219,0.303464,1.227398,0.268750,0.510224
1418,-0.300090,-1.105254,0.313945,0.461147,1.249461,0.231433,0.543207,-0.273327,-1.108759,0.333219,0.355344,1.227779,0.253109,0.582322
1419,-0.259162,-1.099812,0.274164,0.559660,1.246916,0.270349,0.443197,-0.285534,-1.148051,0.313382,0.429732,1.224346,0.267224,0.498016
1420,-0.204096,-1.056835,0.228828,0.605562,1.236520,0.327599,0.207344,-0.280575,-1.143854,0.270275,0.501068,1.220531,0.325589,0.253491
1421,-0.139103,-0.974997,0.239964,0.648902,1.226748,0.382672,-0.063202,-0.256924,-1.108377,0.251583,0.570497,1.210613,0.393111,0.008202
1422,-0.095122,-0.889727,0.268466,0.654694,1.221539,0.423602,-0.283648,-0.221828,-1.036278,0.247768,0.617800,1.197261,0.443465,-0.230983
1423,-0.060460,-0.813427,0.299224,0.667618,1.219597,0.457845,-0.447555,-0.177577,-0.934806,0.249676,0.642214,1.199168,0.453384,-0.427443
1424,-0.011966,-0.748855,0.324002,0.751681,1.215437,0.483562,-0.569591,-0.120356,-0.834478,0.262264,0.668154,1.201457,0.480468,-0.556001
1425,0.039923,-0.693393,0.330226,0.878687,1.204909,0.434107,-0.563175,-0.055123,-0.755894,0.287060,0.731098,1.201457,0.463684,-0.607881
1426,0.069839,-0.645741,0.364708,0.978643,1.195000,0.312786,-0.361070,0.006294,-0.694476,0.312619,0.827230,1.201839,0.384718,-0.489242
1427,0.056950,-0.607980,0.411380,1.051677,1.177896,0.239955,-0.186013,0.039101,-0.646029,0.348096,0.918784,1.200313,0.272183,-0.223735
1428,0.013301,-0.568999,0.488228,1.103627,1.142809,0.178682,0.039765,0.042916,-0.617800,0.385100,0.992790,1.174754,0.222210,-0.078012
1429,-0.026046,-0.549746,0.564153,1.119602,1.111760,0.193356,0.135094,0.032235,-0.592622,0.441176,1.054208,1.134699,0.213436,0.141718
1430,-0.064800,-0.538091,0.666124,1.121289,1.100360,0.214469,0.164262,0.000572,-0.581559,0.508316,1.083963,1.118296,0.217632,0.154688
1431,-0.109370,-0.518738,0.795525,1.124700,1.091119,0.235360,0.165123,-0.042153,-0.568589,0.597963,1.098077,1.116388,0.225261,0.163844
1432,-0.156799,-0.483081,0.899822,1.108553,1.083245,0.263154,0.105697,-0.088312,-0.550660,0.705158,1.099603,1.110285,0.273709,0.154307
1433,-0.230932,-0.430016,0.994816,1.043836,1.071823,0.303965,-0.141183,-0.134470,-0.519379,0.803197,1.093500,1.096551,0.298505,0.033761
1434,-0.314286,-0.398934,1.105011,0.994456,1.072087,0.339429,-0.343492,-0.192454,-0.474365,0.903143,1.070611,1.075570,0.332456,-0.277905
1435,-0.396753,-0.362444,1.223048,0.958764,1.080565,0.404510,-0.560823,-0.256161,-0.419432,1.018730,1.039712,1.072137,0.377852,-0.466354
1436,-0.443429,-0.330405,1.282859,0.901536,1.090884,0.420613,-0.710437,-0.327497,-0.374800,1.131266,1.008049,1.068704,0.442321,-0.679980
1437,-0.458931,-0.313672,1.320990,0.841075,1.119945,0.251225,-0.573223,-0.382048,-0.337415,1.213664,0.968376,1.077096,0.430114,-0.775349
1438,-0.447990,-0.313942,1.328027,0.800523,1.134265,0.129268,-0.366493,-0.411421,-0.309186,1.269360,0.922217,1.101129,0.236324,-0.509461
1439,-0.423174,-0.325547,1.310241,0.775637,1.147187,0.005869,-0.151269,-0.424392,-0.306516,1.285763,0.868811,1.119440,0.126459,-0.295453
1440,-0.385107,-0.350746,1.257153,0.755388,1.157589,-0.102727,0.057761,-0.423629,-0.312619,1.284619,0.823415,1.123636,-0.002480,-0.076104
1441,-0.346858,-0.378402,1.169332,0.727188,1.163440,-0.175705,0.244761,-0.420195,-0.323682,1.280041,0.786030,1.148814,-0.116922,0.131418
1442,-0.318222,-0.409632,1.065464,0.722762,1.166752,-0.219969,0.394587,-0.401122,-0.343519,1.228542,0.760472,1.154917,-0.161173,0.295071
1443,-0.303601,-0.450600,0.926964,0.733539,1.169595,-0.228820,0.498623,-0.376326,-0.373274,1.148432,0.745594,1.160258,-0.204280,0.430114
1444,-0.310037,-0.503328,0.818571,0.740742,1.172868,-0.223148,0.562360,-0.347715,-0.415618,1.037041,0.743687,1.160639,-0.209239,0.520523
1445,-0.321730,-0.560636,0.751684,0.777091,1.176456,-0.217125,0.598289,-0.335126,-0.465591,0.928702,0.744068,1.160258,-0.213817,0.560197
1446,-0.321730,-0.560636,0.751684,0.777091,1.176456,-0.217125,0.598289,-0.338560,-0.525101,0.838293,0.745975,1.160639,-0.208858,0.581941
1447,-0.326655,-0.617185,0.693447,0.855206,1.178072,-0.203767,0.598871,-0.338560,-0.589952,0.765812,0.779545,1.160639,-0.208095,0.610170
1448,-0.329396,-0.676228,0.656894,0.958945,1.174254,-0.168125,0.532720,-0.338560,-0.660143,0.709354,0.846685,1.160639,-0.172236,0.539216
1449,-0.335911,-0.721153,0.624311,1.029387,1.163043,-0.107914,0.403290,-0.340467,-0.713550,0.660906,0.924887,1.160258,-0.097086,0.387770
1450,-0.351917,-0.763620,0.572509,1.072115,1.150042,-0.007666,0.131873,-0.344282,-0.750935,0.612840,0.990120,1.159876,0.015450,0.079538
1451,-0.382719,-0.803015,0.563646,1.071677,1.143312,0.203131,-0.262362,-0.358015,-0.774968,0.587663,1.023308,1.155680,0.227169,-0.304608
1452,-0.403848,-0.849103,0.630190,1.070249,1.140366,0.405245,-0.555634,-0.382811,-0.794423,0.589189,1.050774,1.139658,0.450332,-0.630388
1453,-0.405592,-0.877395,0.637259,1.074325,1.135444,0.566617,-0.766686,-0.395781,-0.815023,0.589189,1.072900,1.118296,0.601396,-0.802815
1454,-0.399070,-0.886576,0.621712,1.068418,1.131392,0.655576,-0.911778,-0.399596,-0.840581,0.589952,1.078241,1.117151,0.665484,-0.911154
1455,-0.382232,-0.886855,0.600533,1.055372,1.124304,0.665985,-1.043695,-0.401503,-0.859274,0.589570,1.075952,1.111048,0.678073,-1.074426
1456,-0.365869,-0.884824,0.579155,1.033276,1.122251,0.590140,-1.001532,-0.398451,-0.862325,0.589570,1.067178,1.115244,0.602159,-1.041238
1457,-0.363382,-0.882273,0.571129,0.990950,1.120787,0.522039,-0.927674,-0.399214,-0.862325,0.589570,1.043145,1.110285,0.541886,-0.901999
1458,-0.358014,-0.877591,0.568062,0.964828,1.121154,0.449777,-0.784805,-0.398833,-0.861944,0.588808,1.014534,1.111429,0.469406,-0.788701
1459,-0.334195,-0.864245,0.563096,0.936245,1.122857,0.362022,-0.555688,-0.393111,-0.859655,0.588808,0.987449,1.111048,0.401503,-0.584993
1460,-0.295755,-0.830047,0.539729,0.917423,1.125862,0.205445,-0.159330,-0.376707,-0.852026,0.588808,0.969902,1.114099,0.277523,-0.222591
1461,-0.265325,-0.793059,0.512349,0.905683,1.128320,0.134782,0.047204,-0.355344,-0.836385,0.571641,0.942054,1.112192,0.153162,0.096704
1462,-0.234289,-0.757104,0.489897,0.904964,1.131288,0.115031,0.189145,-0.319867,-0.824941,0.535782,0.918021,1.119821,0.134089,0.187495
1463,-0.207722,-0.739852,0.455850,0.905303,1.133767,0.131862,0.242988,-0.283246,-0.803197,0.507553,0.909247,1.119059,0.137903,0.249294
1464,-0.193036,-0.738424,0.432513,0.918628,1.135422,0.166725,0.235121,-0.253872,-0.777638,0.484283,0.907721,1.119821,0.153162,0.237850
1465,-0.183729,-0.741293,0.415841,0.932469,1.135469,0.200167,0.189153,-0.232128,-0.761997,0.473602,0.907721,1.119821,0.208095,0.214199
1466,-0.178260,-0.743899,0.402589,0.944877,1.134172,0.254668,0.070087,-0.221065,-0.757038,0.452621,0.907721,1.119440,0.237850,0.106241
1467,-0.178572,-0.744192,0.395404,0.937183,1.132252,0.289329,-0.028067,-0.221447,-0.757038,0.443847,0.908865,1.119440,0.294308,-0.012779
1468,-0.179328,-0.744688,0.379128,0.911833,1.129259,0.336401,-0.166515,-0.221065,-0.756657,0.436980,0.908484,1.119059,0.337415,-0.113107
1469,-0.178818,-0.747354,0.363210,0.870273,1.126218,0.475141,-0.550871,-0.221828,-0.758564,0.413710,0.902380,1.109522,0.406081,-0.367170
1470,-0.175259,-0.746024,0.374383,0.869379,1.127301,0.523929,-0.697361,-0.221447,-0.756657,0.392348,0.894751,1.111429,0.554093,-0.737964
1471,-0.165056,-0.734952,0.374934,0.873896,1.128529,0.585278,-0.873642,-0.220684,-0.749027,0.392348,0.894369,1.112192,0.564393,-0.801671
1472,-0.158302,-0.729918,0.369445,0.878438,1.129220,0.595358,-0.918235,-0.221065,-0.746357,0.392348,0.894369,1.111810,0.609026,-0.932136
1473,-0.153782,-0.726118,0.362723,0.880250,1.129638,0.592030,-0.934381,-0.214199,-0.742161,0.392348,0.894369,1.111810,0.610933,-0.945106
1474,-0.154253,-0.723022,0.356703,0.882255,1.130073,0.585444,-0.936576,-0.203899,-0.742542,0.392348,0.894369,1.111810,0.610170,-0.939384
1475,-0.157941,-0.721074,0.354363,0.880962,1.130809,0.577025,-0.936425,-0.200847,-0.742542,0.392348,0.894369,1.111810,0.604067,-0.942054
1476,-0.157725,-0.719060,0.351607,0.882985,1.131569,0.570380,-0.934130,-0.201610,-0.742542,0.392348,0.894369,1.111810,0.595293,-0.941672
1477,-0.150963,-0.716560,0.346111,0.888073,1.130816,0.548317,-0.919727,-0.201228,-0.742161,0.392348,0.894369,1.111810,0.590715,-0.941672
1478,-0.137631,-0.711106,0.339550,0.863977,1.123041,0.454117,-0.784910,-0.199702,-0.742161,0.392348,0.894369,1.112573,0.546464,-0.917639
1479,-0.120467,-0.686619,0.339880,0.860367,1.097880,0.317409,-0.563266,-0.188258,-0.736820,0.391585,0.894751,1.110285,0.431640,-0.693713
1480,-0.121271,-0.658740,0.336525,0.870662,1.075663,0.172826,-0.335906,-0.184825,-0.720035,0.382048,0.887121,1.091592,0.297360,-0.465209
1481,-0.129730,-0.649083,0.349741,0.865735,1.055234,0.067634,-0.157658,-0.181773,-0.697910,0.370603,0.886740,1.075570,0.169566,-0.259213
1482,-0.132907,-0.649568,0.353840,0.873443,1.037449,0.000458,-0.025137,-0.175669,-0.683413,0.370985,0.886740,1.061074,0.073053,-0.095941
1483,-0.133420,-0.656663,0.364240,0.888062,1.022690,-0.031537,0.059532,-0.168421,-0.675402,0.370985,0.887121,1.057259,0.007439,0.005150
1484,-0.127389,-0.663177,0.352945,0.928011,0.999936,0.021722,0.070362,-0.168040,-0.673877,0.370985,0.887121,1.039330,-0.017357,0.076867
1485,-0.124443,-0.678266,0.333758,0.966445,0.995463,0.167028,-0.195699,-0.168421,-0.673877,0.370985,0.888266,1.016823,0.045968,0.077249
1486,-0.127557,-0.693796,0.367653,1.021045,0.997572,0.369576,-0.490147,-0.165751,-0.684939,0.362974,0.895132,1.013771,0.201991,-0.264935
1487,-0.132319,-0.695417,0.397147,1.042185,0.999730,0.517699,-0.697895,-0.160029,-0.687228,0.363737,0.943961,1.013390,0.417525,-0.591096
1488,-0.132319,-0.695417,0.397147,1.042185,0.999730,0.517699,-0.697895,-0.160410,-0.686847,0.366789,1.004234,1.005760,0.566300,-0.781453
1489,-0.137936,-0.689862,0.395874,1.037000,1.002038,0.618794,-0.838944,-0.160410,-0.687228,0.366407,1.029030,0.989357,0.648699,-0.862325
1490,-0.142151,-0.688114,0.403553,1.043347,1.004402,0.686542,-0.937631,-0.160410,-0.687228,0.366789,1.031319,0.990883,0.701343,-0.967231
1491,-0.145371,-0.686685,0.404832,1.045598,1.006477,0.724972,-1.001749,-0.160029,-0.687228,0.366789,1.031319,0.991646,0.731861,-1.028267
1492,-0.146548,-0.683947,0.406874,1.049347,1.010054,0.761156,-1.077202,-0.160410,-0.687228,0.366789,1.031319,0.990883,0.767338,-1.071374
1493,-0.147267,-0.680671,0.406198,1.052734,1.013278,0.773177,-1.113033,-0.160029,-0.686847,0.366789,1.031319,0.992027,0.772297,-1.134699
1494,-0.146142,-0.679230,0.403396,1.054032,1.014799,0.769944,-1.121401,-0.160410,-0.687228,0.366789,1.031319,0.991264,0.771916,-1.132410
1495,-0.142030,-0.677880,0.396392,1.053093,1.016437,0.735024,-1.114485,-0.160029,-0.686847,0.366789,1.031319,0.991264,0.742542,-1.132410
1496,-0.139706,-0.676547,0.390085,1.049554,1.018371,0.690955,-1.101076,-0.160029,-0.686847,0.366789,1.031319,0.991646,0.704013,-1.120966
1497,-0.137158,-0.675248,0.385751,1.051174,1.020178,0.652572,-1.086885,-0.160029,-0.686847,0.366789,1.031319,0.991264,0.668917,-1.114099
1498,-0.136476,-0.675086,0.383442,1.051859,1.021626,0.620888,-1.072750,-0.160029,-0.686847,0.366789,1.031319,0.991646,0.635348,-1.113336
1499,-0.134425,-0.674444,0.376860,1.029288,1.022203,0.573103,-1.014548,-0.158122,-0.686847,0.366789,1.031319,0.992027,0.596056,-1.043145
1500,-0.135840,-0.678201,0.376684,0.977282,1.023286,0.510947,-0.900142,-0.157359,-0.686847,0.366407,1.027123,0.991646,0.528153,-0.892844
1501,-0.141536,-0.685456,0.378189,0.896573,1.022461,0.458820,-0.734710,-0.157740,-0.684176,0.366407,0.994697,0.991264,0.501831,-0.740635
1502,-0.142742,-0.691817,0.363624,0.827874,1.020213,0.434138,-0.549298,-0.157359,-0.683795,0.366407,0.934806,1.002708,0.469406,-0.573930
1503,-0.142288,-0.699700,0.356299,0.749008,1.014860,0.419714,-0.362007,-0.157740,-0.686847,0.366407,0.860037,1.006142,0.452621,-0.377089
1504,-0.142566,-0.706360,0.335851,0.672311,1.008128,0.403984,-0.180874,-0.157740,-0.692950,0.366407,0.781071,1.006905,0.443847,-0.188258
1505,-0.143160,-0.716825,0.315829,0.598919,1.000908,0.380629,-0.011201,-0.157740,-0.697910,0.366026,0.700961,0.998512,0.412184,-0.016976
1506,-0.142864,-0.740170,0.294902,0.528616,0.997541,0.352864,0.140696,-0.157359,-0.704013,0.364881,0.624285,1.000420,0.380522,0.107385
1507,-0.137203,-0.766019,0.285076,0.492610,1.006455,0.304079,0.277430,-0.155833,-0.716220,0.349241,0.562867,1.002327,0.335508,0.249294
1508,-0.124537,-0.790847,0.306772,0.468424,1.038162,0.252872,0.390080,-0.152781,-0.741398,0.337034,0.516709,1.021019,0.280194,0.382811
1509,-0.113154,-0.811828,0.326479,0.480443,1.104120,0.199891,0.516273,-0.148585,-0.775349,0.337415,0.487335,1.065270,0.221447,0.493439
1510,-0.111803,-0.821650,0.342102,0.486345,1.162291,0.204960,0.541629,-0.148585,-0.803578,0.337415,0.474365,1.113336,0.206950,0.578889
1511,-0.116188,-0.830235,0.324575,0.529508,1.179287,0.213407,0.519807,-0.148966,-0.823415,0.337415,0.480468,1.158732,0.221447,0.567445
1512,-0.134573,-0.848757,0.302235,0.565549,1.191375,0.214558,0.498633,-0.148966,-0.829519,0.337415,0.501831,1.161402,0.220684,0.518997
1513,-0.171681,-0.899165,0.293018,0.687184,1.203780,0.216959,0.453681,-0.148585,-0.834096,0.337415,0.544556,1.161784,0.214199,0.486191
1514,-0.194304,-0.937486,0.299006,0.778632,1.204223,0.217024,0.424510,-0.152018,-0.856603,0.337415,0.619707,1.181239,0.220684,0.436217
1515,-0.218878,-0.982738,0.318945,0.899701,1.201205,0.224413,0.387361,-0.163462,-0.894369,0.337415,0.718891,1.182383,0.216487,0.418288
1516,-0.253251,-1.026136,0.339865,1.015063,1.193548,0.233566,0.352718,-0.184825,-0.942435,0.337415,0.827611,1.182765,0.233272,0.401122
1517,-0.297388,-1.065256,0.366243,1.105445,1.183558,0.245366,0.321631,-0.220684,-0.996605,0.337415,0.936332,1.183146,0.247387,0.330930
1518,-0.367081,-1.102817,0.395750,1.165848,1.172343,0.258981,0.291047,-0.272564,-1.035515,0.338560,1.036660,1.182383,0.258068,0.314527
1519,-0.412328,-1.126173,0.415596,1.237749,1.159482,0.269740,0.264349,-0.330167,-1.068322,0.341230,1.113718,1.182383,0.283246,0.308423
1520,-0.467642,-1.147282,0.457614,1.342645,1.144622,0.281448,0.235778,-0.382429,-1.101129,0.343519,1.186580,1.165980,0.284771,0.264553
1521,-0.522382,-1.165473,0.507370,1.464931,1.126894,0.292087,0.199739,-0.434691,-1.132410,0.371748,1.273175,1.147288,0.292782,0.253872
1522,-0.603257,-1.181579,0.576837,1.584008,1.108463,0.308055,0.151574,-0.493820,-1.153773,0.415999,1.378462,1.127451,0.304227,0.204280
1523,-0.722921,-1.199042,0.681087,1.693142,1.091934,0.331336,0.089836,-0.562104,-1.164454,0.481231,1.492142,1.111429,0.320249,0.136378
1524,-0.909355,-1.219283,0.865680,1.770407,1.074278,0.355103,0.030728,-0.653658,-1.170176,0.575837,1.603532,1.095407,0.345426,0.071145
1525,-1.177295,-1.229252,1.153151,1.816792,1.052415,0.367721,0.010387,-0.793660,-1.184291,0.725376,1.698901,1.080529,0.370603,0.013161
1526,-1.431903,-1.220537,1.401888,1.813574,1.028264,0.366906,0.023636,-1.001183,-1.194972,0.947013,1.768711,1.058404,0.385100,0.014687
1527,-1.614739,-1.198394,1.552997,1.743662,1.006165,0.357037,0.052957,-1.220150,-1.194591,1.177043,1.801137,1.035897,0.387007,0.022316
1528,-1.758309,-1.168743,1.570796,1.609943,0.988882,0.337486,0.103343,-1.412032,-1.194209,1.363203,1.788167,1.016442,0.386244,0.024987
1529,-1.838183,-1.141034,1.570796,1.473156,0.977079,0.310926,0.161519,-1.565766,-1.182002,1.470779,1.710727,1.013390,0.361448,0.043297
1530,-1.910486,-1.116115,1.570796,1.311875,0.973890,0.281741,0.224402,-1.683642,-1.157969,1.514267,1.587892,0.987068,0.314908,0.174525
1531,-1.910486,-1.116115,1.570796,1.311875,0.973890,0.281741,0.224402,-1.784352,-1.135462,1.513886,1.430343,0.979057,0.276379,0.223735
1532,-1.985681,-1.093606,1.570796,1.130795,0.980556,0.263765,0.265389,-1.875525,-1.118296,1.513886,1.267834,0.979820,0.272183,0.256161
1533,-2.052312,-1.076943,1.570796,0.939633,0.998918,0.250796,0.292258,-1.958686,-1.099603,1.513886,1.090829,0.983635,0.264172,0.271801
1534,-2.102095,-1.067993,1.570796,0.793094,1.024710,0.239790,0.315295,-2.025826,-1.088922,1.513886,0.922980,1.007668,0.238994,0.286297
1535,-2.147926,-1.065498,1.570796,0.639018,1.057125,0.223552,0.336105,-2.075799,-1.086252,1.513886,0.768482,1.044289,0.235180,0.332074
1536,-2.203203,-1.072500,1.570796,0.454308,1.096222,0.199648,0.358513,-2.124628,-1.082437,1.513886,0.610170,1.086252,0.219158,0.343137
1537,-2.242147,-1.085774,1.570796,0.293039,1.137954,0.170745,0.369088,-2.170024,-1.080911,1.513886,0.451095,1.128214,0.182155,0.345808
1538,-2.260259,-1.105255,1.570796,0.195450,1.177908,0.156623,0.349945,-2.203212,-1.088159,1.513886,0.314527,1.164836,0.161173,0.341993
1539,-2.240350,-1.137771,1.570796,0.139494,1.214299,0.139178,0.319876,-2.211604,-1.113718,1.513886,0.221065,1.198787,0.160792,0.341611
1540,-2.186087,-1.179917,1.570796,0.138509,1.276369,0.115476,0.270833,-2.208934,-1.151865,1.513886,0.174907,1.259060,0.123789,0.277905
1541,-2.104377,-1.215577,1.570796,0.141975,1.303139,0.102268,0.235922,-2.175746,-1.190394,1.513886,0.157359,1.284237,0.108148,0.236706
1542,-1.927332,-1.259807,1.570796,0.146201,1.326507,0.091600,0.191734,-2.087625,-1.224346,1.513886,0.153925,1.308652,0.112726,0.233272
1543,-1.687705,-1.295141,1.514837,0.153329,1.346788,0.080589,0.163222,-1.929313,-1.249142,1.513886,0.155070,1.326200,0.101282,0.197032
1544,-1.371115,-1.313940,1.251312,0.156810,1.382788,0.066281,0.132742,-1.696612,-1.263638,1.423476,0.155451,1.361677,0.096704,0.148585
1545,-1.094146,-1.300177,0.973032,0.185048,1.396939,0.061436,0.130931,-1.440261,-1.265927,1.247616,0.163462,1.375410,0.067712,0.115396
1546,-0.796449,-1.266296,0.691376,0.203827,1.408535,0.063999,0.130482,-1.172465,-1.263256,1.011482,0.181010,1.388762,0.076104,0.135996
1547,-0.556147,-1.217162,0.505755,0.213913,1.418017,0.072992,0.132999,-0.913062,-1.253338,0.781453,0.192454,1.393721,0.092508,0.141337
1548,-0.359903,-1.133789,0.351205,0.258625,1.423620,0.102633,0.117856,-0.679980,-1.224346,0.584230,0.204662,1.393339,0.092508,0.137140
1549,-0.203080,-1.048615,0.216323,0.337509,1.415327,0.136077,0.083293,-0.482376,-1.169413,0.423247,0.234798,1.393339,0.105097,0.133326
1550,-0.088734,-0.957959,0.137184,0.378233,1.400490,0.184512,0.027452,-0.321393,-1.092355,0.289349,0.286679,1.392576,0.170329,0.073434
1551,0.004473,-0.871549,0.104605,0.379272,1.379786,0.231622,-0.028088,-0.198177,-0.997749,0.200465,0.336652,1.380369,0.238613,-0.013542
1552,0.074923,-0.796853,0.087244,0.378391,1.357017,0.278783,-0.080126,-0.100519,-0.895895,0.150111,0.364881,1.365492,0.289349,-0.057031
1553,0.123224,-0.728297,0.083510,0.358213,1.337179,0.310909,-0.102167,-0.019646,-0.808156,0.129511,0.369459,1.349088,0.306134,-0.109293
1554,0.154888,-0.660064,0.109078,0.353004,1.317983,0.344016,-0.136708,0.051308,-0.736057,0.128748,0.367170,1.331159,0.321012,-0.109293
1555,0.162725,-0.592748,0.161903,0.325840,1.298981,0.364408,-0.149937,0.103952,-0.673877,0.132181,0.351148,1.310559,0.365263,-0.144388
1556,0.153405,-0.525401,0.219259,0.287367,1.267389,0.381146,-0.145582,0.129511,-0.612078,0.135996,0.324826,1.289578,0.375181,-0.153162
1557,0.140113,-0.519154,0.242922,0.265462,1.256460,0.369106,-0.096689,0.131037,-0.559052,0.177958,0.291638,1.267453,0.375944,-0.147822
1558,0.124032,-0.544370,0.241460,0.264677,1.250816,0.343039,-0.021423,0.130655,-0.523575,0.211147,0.279049,1.267834,0.369841,-0.097086
1559,0.100780,-0.596369,0.230912,0.261777,1.248947,0.309235,0.057680,0.129129,-0.522812,0.216869,0.279049,1.267071,0.341230,-0.007057
1560,0.061199,-0.659204,0.218993,0.243327,1.248306,0.274679,0.125870,0.122263,-0.552949,0.216869,0.277523,1.267071,0.309186,0.088693
1561,0.016219,-0.713660,0.201690,0.213850,1.245908,0.247962,0.169680,0.100519,-0.609789,0.216106,0.256542,1.267071,0.278286,0.118830
1562,-0.038665,-0.770919,0.178186,0.190892,1.243648,0.229196,0.186299,0.063897,-0.674640,0.216106,0.227932,1.266308,0.253872,0.177577
1563,-0.095922,-0.828235,0.170396,0.181682,1.241504,0.208695,0.199468,0.018502,-0.743305,0.216106,0.200847,1.243038,0.235943,0.192836
1564,-0.153931,-0.884551,0.180324,0.167956,1.241331,0.187144,0.218342,-0.036049,-0.807012,0.216106,0.183299,1.244945,0.216869,0.195888
1565,-0.212715,-0.948625,0.198903,0.166163,1.241328,0.161061,0.242401,-0.095178,-0.860418,0.216106,0.174525,1.244945,0.213054,0.227932
1566,-0.271245,-1.005557,0.228467,0.160385,1.242192,0.151216,0.252752,-0.157359,-0.911917,0.216106,0.174525,1.244945,0.176051,0.244335
1567,-0.335584,-1.065177,0.264984,0.153698,1.243210,0.145606,0.259238,-0.217250,-0.964179,0.216487,0.174525,1.244945,0.164225,0.244717
1568,-0.420986,-1.140417,0.317071,0.140447,1.244201,0.138695,0.268799,-0.279431,-1.019112,0.216869,0.172618,1.244945,0.164988,0.245480
1569,-0.481038,-1.176893,0.357843,0.128692,1.244420,0.137098,0.270183,-0.352293,-1.083963,0.263409,0.163462,1.244945,0.159648,0.248913
1570,-0.571183,-1.218200,0.419309,0.113873,1.244265,0.136373,0.269468,-0.421721,-1.146906,0.309186,0.155070,1.244945,0.161173,0.259594
1571,-0.682002,-1.257906,0.509564,0.102882,1.244012,0.134504,0.268992,-0.497253,-1.198024,0.362211,0.140192,1.244945,0.157740,0.270657
1572,-0.810474,-1.291913,0.618805,0.111279,1.242947,0.131482,0.269371,-0.587282,-1.238842,0.432784,0.121881,1.244945,0.150492,0.270275
1573,-0.939752,-1.317255,0.736375,0.120865,1.241665,0.127108,0.271863,-0.694095,-1.272030,0.527008,0.115778,1.244945,0.138285,0.269894
1574,-0.978635,-1.327457,0.763489,0.122558,1.240612,0.123719,0.273795,-0.828374,-1.298734,0.646029,0.116159,1.244945,0.127604,0.268750
1575,-1.158772,-1.342802,0.950025,0.136108,1.240598,0.123798,0.270705,-0.982490,-1.319715,0.793660,0.118067,1.244564,0.129511,0.267605
1576,-1.368475,-1.351003,1.153789,0.138899,1.240478,0.121391,0.263163,-1.161784,-1.329252,0.972190,0.122263,1.244945,0.124170,0.267987
1577,-1.548164,-1.348837,1.326562,0.150304,1.242990,0.117782,0.257789,-1.340314,-1.330014,1.149577,0.129129,1.244945,0.121118,0.267224
1578,-1.743260,-1.332396,1.504153,0.139978,1.248697,0.114666,0.251079,-1.519608,-1.328107,1.324292,0.132181,1.244945,0.124933,0.255779
1579,-1.873619,-1.316723,1.570796,0.137503,1.251775,0.115790,0.248822,-1.676776,-1.326581,1.447890,0.131800,1.245327,0.135233,0.256161
1580,-1.977267,-1.299998,1.570796,0.147947,1.255764,0.118555,0.246773,-1.807622,-1.323911,1.509308,0.131800,1.245327,0.130655,0.255779
1581,-2.069698,-1.281466,1.570796,0.152831,1.260400,0.119056,0.249594,-1.919013,-1.320096,1.527237,0.131800,1.245708,0.127604,0.256161
1582,-2.154594,-1.258553,1.570796,0.165916,1.269686,0.120368,0.257886,-2.015145,-1.309033,1.527237,0.132181,1.246090,0.123407,0.256542
1583,-2.217877,-1.243182,1.570796,0.177426,1.275228,0.122446,0.262877,-2.094110,-1.290723,1.527237,0.137903,1.253338,0.124552,0.256542
1584,-2.259765,-1.226802,1.570796,0.185116,1.280752,0.124247,0.267708,-2.155528,-1.271267,1.527237,0.151255,1.253338,0.127985,0.256542
1585,-2.253062,-1.217227,1.570796,0.198953,1.285279,0.124998,0.266638,-2.189860,-1.248379,1.527237,0.167277,1.264019,0.131037,0.256924
1586,-2.202946,-1.212212,1.570796,0.279765,1.285055,0.127326,0.254793,-2.194438,-1.241131,1.527237,0.208095,1.271649,0.135233,0.259594
1587,-2.120677,-1.210253,1.570796,0.411464,1.281758,0.111487,0.233411,-2.181468,-1.242275,1.527237,0.278286,1.271649,0.110056,0.258831
1588,-2.042285,-1.209618,1.570796,0.596489,1.273048,0.107314,0.209116,-2.138361,-1.245708,1.527237,0.391585,1.271267,0.101663,0.240520
1589,-1.936896,-1.202528,1.570796,0.727815,1.262323,0.099472,0.167421,-2.071984,-1.242275,1.527237,0.536545,1.270504,0.102808,0.203899
1590,-1.833631,-1.190562,1.570796,0.850275,1.249622,0.097260,0.118158,-1.984245,-1.227016,1.527237,0.682269,1.257916,0.108530,0.136759
1591,-1.684788,-1.174731,1.564006,0.975201,1.234774,0.100751,0.053740,-1.883536,-1.199168,1.526856,0.810445,1.242657,0.109293,0.095941
1592,-1.522542,-1.157137,1.451251,1.085508,1.220585,0.108340,-0.023483,-1.759556,-1.176661,1.504730,0.935569,1.238079,0.116541,0.012398
1593,-1.290168,-1.128939,1.272627,1.225758,1.205291,0.126254,-0.123572,-1.590181,-1.154536,1.433394,1.056115,1.215572,0.110437,-0.101663
1594,-1.055525,-1.081614,1.117517,1.350092,1.189628,0.156297,-0.261023,-1.382658,-1.126307,1.311322,1.177043,1.198787,0.136759,-0.225261
1595,-0.808001,-0.994092,0.975158,1.441150,1.164320,0.224536,-0.500969,-1.166743,-1.078622,1.171702,1.285382,1.183146,0.188640,-0.425536
1596,-0.638518,-0.924391,0.872085,1.482096,1.155474,0.268464,-0.614782,-0.956931,-1.005760,1.051919,1.376936,1.162165,0.261120,-0.619326
1597,-0.495324,-0.856105,0.822659,1.515382,1.146608,0.312409,-0.707782,-0.766957,-0.924506,0.959602,1.444457,1.154536,0.305753,-0.677310
1598,-0.351160,-0.788608,0.766316,1.481630,1.142712,0.337276,-0.775588,-0.608263,-0.853552,0.884070,1.479171,1.153773,0.343137,-0.773442
1599,-0.239545,-0.720521,0.748258,1.465120,1.134783,0.389830,-0.882361,-0.465209,-0.791371,0.824941,1.478790,1.140040,0.364118,-0.832189
1600,-0.131548,-0.662774,0.677033,1.474432,1.132213,0.414456,-0.922388,-0.341993,-0.739490,0.781834,1.477646,1.140040,0.408370,-0.935187
1601,-0.047733,-0.601478,0.661865,1.461582,1.131007,0.434727,-0.956376,-0.223735,-0.682269,0.734913,1.477264,1.139658,0.425154,-0.962654
1602,0.001769,-0.550555,0.681992,1.449349,1.130711,0.441040,-0.953151,-0.131800,-0.627337,0.712024,1.477264,1.139277,0.427062,-0.964561
1603,0.018946,-0.509394,0.724072,1.436371,1.132061,0.396945,-0.823250,-0.064279,-0.575837,0.713550,1.477264,1.137369,0.441939,-0.938621
1604,-0.002682,-0.488932,0.773629,1.375002,1.133169,0.321351,-0.632331,-0.016594,-0.528916,0.715839,1.474212,1.136606,0.392348,-0.765812
1605,-0.089806,-0.489479,0.815009,1.216335,1.139805,0.265970,-0.441089,-0.018502,-0.498779,0.741016,1.431487,1.136988,0.331312,-0.562867
1606,-0.220538,-0.503988,0.821255,0.989579,1.155977,0.223669,-0.272329,-0.059701,-0.487335,0.775731,1.318952,1.138132,0.288205,-0.383955
1607,-0.347620,-0.526132,0.844205,0.798387,1.177700,0.183801,-0.136235,-0.137903,-0.485809,0.803578,1.133173,1.145380,0.235180,-0.242809
1608,-0.458522,-0.552576,0.859628,0.612273,1.202221,0.142463,-0.032231,-0.234798,-0.496490,0.820363,0.934043,1.172465,0.172618,-0.101282
1609,-0.550521,-0.579790,0.866267,0.498289,1.227762,0.106649,0.040865,-0.338941,-0.514801,0.827993,0.744068,1.194591,0.142481,-0.015831
1610,-0.610278,-0.606407,0.885955,0.495186,1.250046,0.068300,0.074569,-0.437743,-0.551423,0.827993,0.599489,1.212902,0.102426,0.060464
1611,-0.656751,-0.632980,0.904908,0.566424,1.265536,0.032709,0.036569,-0.524720,-0.604067,0.827993,0.530442,1.228161,0.058938,0.085260
1612,-0.688572,-0.660065,0.925495,0.685459,1.270175,0.030051,-0.107563,-0.594911,-0.654803,0.839437,0.529297,1.235790,0.029183,0.072671
1613,-0.719112,-0.694366,1.002535,0.823259,1.270593,0.066197,-0.305086,-0.647173,-0.693713,0.840200,0.583085,1.254101,0.028801,-0.126078
1614,-0.741955,-0.723277,1.094318,0.950031,1.266847,0.123921,-0.492284,-0.690280,-0.720417,0.898184,0.689517,1.253719,0.076486,-0.339704
1615,-0.765818,-0.749148,1.212835,1.083717,1.260999,0.198493,-0.654066,-0.727283,-0.728428,0.982490,0.820363,1.253338,0.149729,-0.531968
1616,-0.765818,-0.749148,1.212835,1.083717,1.260999,0.198493,-0.654066,-0.758946,-0.731098,1.083963,0.967613,1.252193,0.232891,-0.694476
1617,-0.770115,-0.754668,1.273902,1.201929,1.256444,0.286932,-0.786463,-0.772297,-0.728428,1.164073,1.098459,1.248379,0.314527,-0.809300
1618,-0.743321,-0.734894,1.270893,1.249534,1.251083,0.364738,-0.890353,-0.770008,-0.726902,1.210231,1.193446,1.242657,0.396162,-0.935187
1619,-0.695138,-0.692083,1.230490,1.274156,1.245162,0.416911,-0.953658,-0.750553,-0.717365,1.217479,1.241894,1.241131,0.438125,-0.976768
1620,-0.638034,-0.629836,1.167104,1.274349,1.239396,0.439830,-0.979246,-0.714313,-0.681506,1.199168,1.250286,1.241894,0.446899,-0.976005
1621,-0.578339,-0.538319,1.120882,1.264199,1.230288,0.436543,-0.962446,-0.666247,-0.619326,1.168269,1.250286,1.237697,0.446899,-0.975624
1622,-0.557674,-0.483124,1.147220,1.257154,1.230298,0.366495,-0.829870,-0.620470,-0.543793,1.164073,1.250286,1.225490,0.381666,-0.826848
1623,-0.558160,-0.414689,1.210356,1.115421,1.240128,0.260980,-0.620005,-0.591859,-0.459106,1.167887,1.212520,1.223201,0.292782,-0.597963
1624,-0.567459,-0.335415,1.239329,0.891864,1.259108,0.158325,-0.381795,-0.589952,-0.369459,1.180095,1.089303,1.223964,0.215343,-0.362211
1625,-0.556099,-0.260277,1.271933,0.814107,1.299944,0.045897,-0.092560,-0.589570,-0.300793,1.196498,0.959220,1.276989,0.071145,-0.059701
1626,-0.534933,-0.213845,1.297989,0.758830,1.315639,0.065371,-0.037234,-0.589570,-0.271038,1.212139,0.852026,1.298352,0.054742,-0.002480
1627,-0.506486,-0.189044,1.267530,0.720547,1.315525,0.135412,-0.030134,-0.574693,-0.255398,1.225109,0.779545,1.302930,0.134470,-0.023842
1628,-0.454745,-0.216634,1.174223,0.746136,1.279084,0.229971,0.095187,-0.536545,-0.244335,1.223201,0.757801,1.292630,0.227550,0.070764
1629,-0.443070,-0.270708,1.088676,0.738550,1.249757,0.157533,0.305559,-0.491531,-0.242428,1.194209,0.761997,1.286145,0.222591,0.280194
1630,-0.469688,-0.318251,1.016513,0.702660,1.235206,0.104254,0.406563,-0.470550,-0.254635,1.132792,0.751698,1.249142,0.130274,0.393874
1631,-0.484768,-0.387015,0.961824,0.757778,1.221109,0.080158,0.498926,-0.470550,-0.298123,1.067941,0.744450,1.245327,0.100900,0.446517
1632,-0.499526,-0.457180,0.921829,0.793517,1.207948,0.069746,0.563942,-0.474746,-0.365644,1.004234,0.757420,1.241131,0.102045,0.568208
1633,-0.552784,-0.544704,0.853114,0.748754,1.201095,0.051686,0.600678,-0.487716,-0.453002,0.942817,0.762760,1.233883,0.097467,0.580797
1634,-0.665046,-0.656995,0.815613,0.638554,1.197606,0.034214,0.608653,-0.526627,-0.538834,0.896658,0.737583,1.215190,0.053597,0.576982
1635,-0.776859,-0.759679,0.819570,0.555168,1.195288,0.021515,0.610212,-0.605211,-0.630007,0.874914,0.663958,1.214809,0.047494,0.581178
1636,-0.878256,-0.846755,0.856916,0.498544,1.193310,0.014310,0.612738,-0.709354,-0.731479,0.874151,0.586137,1.208705,0.028420,0.584611
1637,-0.959055,-0.915247,0.901936,0.447124,1.193982,0.007248,0.613526,-0.819600,-0.831426,0.877203,0.517853,1.201076,0.025368,0.609407
1638,-1.025693,-0.973317,0.957588,0.428697,1.198947,0.001838,0.613734,-0.921073,-0.917639,0.881018,0.468643,1.200694,0.025368,0.610933
1639,-1.044710,-1.017298,0.974421,0.470396,1.202741,0.045467,0.547187,-0.993935,-0.987068,0.892462,0.448425,1.200694,0.034905,0.593385
1640,-0.992421,-1.036213,0.912378,0.489802,1.202397,0.107426,0.386119,-1.025216,-1.039712,0.891699,0.448806,1.198405,0.090219,0.503357
1641,-0.878837,-1.025635,0.797788,0.491489,1.202100,0.194055,0.162660,-1.008812,-1.064508,0.870718,0.454147,1.199550,0.170710,0.258450
1642,-0.685833,-0.976906,0.638764,0.486728,1.203110,0.272215,-0.010816,-0.938239,-1.053063,0.810445,0.461013,1.200694,0.239376,0.068856
1643,-0.535267,-0.912881,0.543348,0.484008,1.204927,0.335421,-0.117769,-0.816548,-1.016823,0.701343,0.472076,1.200313,0.330549,-0.070001
1644,-0.400900,-0.842606,0.444174,0.459375,1.205260,0.377041,-0.170591,-0.680362,-0.955406,0.599870,0.471313,1.200313,0.375181,-0.138666
1645,-0.280023,-0.772652,0.364384,0.458724,1.205792,0.393108,-0.164698,-0.539597,-0.880255,0.507172,0.471313,1.200694,0.396162,-0.160792
1646,-0.164309,-0.705219,0.308594,0.474550,1.201618,0.396807,-0.120994,-0.409895,-0.802434,0.431640,0.471313,1.200694,0.401503,-0.152781
1647,-0.056509,-0.644474,0.251308,0.446315,1.196112,0.386869,-0.056655,-0.288586,-0.728809,0.367933,0.471313,1.200694,0.402266,-0.119211
1648,0.003381,-0.624237,0.186017,0.380330,1.190524,0.369893,0.030667,-0.176432,-0.663958,0.309949,0.462921,1.200694,0.401884,-0.033379
1649,0.027569,-0.651003,0.132774,0.365528,1.185893,0.343569,0.125308,-0.090600,-0.621233,0.253109,0.425536,1.200694,0.385481,0.039864
1650,0.027774,-0.717808,0.090282,0.367620,1.180807,0.288304,0.267272,-0.023842,-0.618563,0.202373,0.392348,1.200694,0.332456,0.145151
1651,0.000916,-0.790277,0.069715,0.359894,1.181629,0.256219,0.322968,0.016594,-0.647936,0.155833,0.367933,1.181621,0.271420,0.306897
1652,-0.043840,-0.863660,0.071359,0.347745,1.184200,0.223893,0.367271,0.025368,-0.720035,0.120737,0.345808,1.181621,0.235561,0.321775
1653,-0.101213,-0.937228,0.091322,0.341753,1.188051,0.196402,0.399504,0.012016,-0.807012,0.109674,0.340848,1.182002,0.225261,0.369078
1654,-0.164866,-1.005182,0.125168,0.322021,1.193555,0.173100,0.421994,-0.029946,-0.892081,0.110056,0.337034,1.181621,0.197795,0.428588
1655,-0.261485,-1.078200,0.186812,0.309989,1.199177,0.156867,0.436615,-0.094034,-0.967613,0.111200,0.332456,1.182383,0.191691,0.426680
1656,-0.335338,-1.131504,0.233431,0.291617,1.204182,0.145141,0.445951,-0.177958,-1.034752,0.135996,0.325589,1.182002,0.171092,0.427062
1657,-0.412259,-1.182691,0.289598,0.251385,1.209052,0.135838,0.455761,-0.262264,-1.096170,0.178340,0.317578,1.186580,0.168421,0.427825
1658,-0.509193,-1.238092,0.366251,0.206093,1.211869,0.131706,0.459008,-0.345045,-1.149958,0.227169,0.296216,1.198405,0.168421,0.428969
1659,-0.509193,-1.238092,0.366251,0.206093,1.211869,0.131706,0.459008,-0.428588,-1.199168,0.294308,0.256542,1.201457,0.168040,0.431258
1660,-0.663270,-1.301618,0.501618,0.171543,1.213433,0.132561,0.452268,-0.535782,-1.248760,0.393111,0.213817,1.201076,0.145533,0.443084
1661,-0.925425,-1.361261,0.760875,0.158522,1.214631,0.131884,0.444390,-0.710880,-1.304456,0.570497,0.178340,1.201076,0.124552,0.446899
1662,-1.221641,-1.396993,1.060875,0.163271,1.214976,0.129784,0.430467,-0.951972,-1.359007,0.813115,0.167659,1.202602,0.131418,0.443465
1663,-1.521262,-1.399787,1.360875,0.170666,1.214145,0.130284,0.413404,-1.225490,-1.389525,1.084726,0.167659,1.201457,0.139811,0.442702
1664,-1.866224,-1.380302,1.570796,0.211790,1.207286,0.130277,0.403359,-1.505493,-1.393339,1.323529,0.171473,1.198024,0.113107,0.395018
1665,-2.022564,-1.358997,1.570796,0.263088,1.197662,0.125970,0.413703,-1.731708,-1.387999,1.457046,0.202754,1.197642,0.123407,0.396544
1666,-2.109184,-1.335033,1.570796,0.275547,1.189065,0.117377,0.430858,-1.902991,-1.370832,1.513123,0.235561,1.196880,0.131037,0.423247
1667,-2.182539,-1.307078,1.570796,0.265031,1.185529,0.108653,0.445566,-2.024681,-1.341077,1.526474,0.249294,1.196880,0.119593,0.430495
1668,-2.239808,-1.272544,1.570796,0.266610,1.180433,0.099267,0.458724,-2.108225,-1.309033,1.527237,0.249676,1.196880,0.112726,0.430877
1669,-2.244876,-1.241308,1.570796,0.333708,1.175877,0.111364,0.429181,-2.162394,-1.285382,1.527237,0.271038,1.190394,0.113489,0.428206
1670,-2.220198,-1.211364,1.570796,0.425115,1.171486,0.132803,0.371281,-2.181468,-1.272793,1.527237,0.325208,1.181239,0.125315,0.400740
1671,-2.161409,-1.180111,1.570796,0.511688,1.157610,0.149496,0.252993,-2.182612,-1.255245,1.527237,0.394255,1.170176,0.139048,0.256924
1672,-2.101097,-1.169975,1.570796,0.595940,1.150398,0.138057,0.188237,-2.162394,-1.223583,1.527237,0.474746,1.170176,0.135996,0.186351
1673,-1.969861,-1.160641,1.570796,0.734979,1.140797,0.110111,0.115900,-2.110132,-1.195354,1.526856,0.583848,1.151102,0.130274,0.174525
1674,-1.799354,-1.154019,1.570796,0.888268,1.128545,0.086106,0.034357,-2.019341,-1.179713,1.526856,0.716983,1.135080,0.110437,0.070382
1675,-1.561090,-1.135253,1.475629,1.074067,1.115309,0.076978,-0.055798,-1.870565,-1.163310,1.507019,0.859655,1.125162,0.092508,-0.008583
1676,-1.353605,-1.100514,1.370592,1.164834,1.095857,0.080198,-0.220765,-1.674868,-1.138895,1.452468,1.003090,1.102655,0.086404,-0.168803
1677,-1.139425,-1.054327,1.246785,1.269006,1.092549,0.099135,-0.316976,-1.460098,-1.091211,1.384947,1.121347,1.103418,0.087549,-0.324826
1678,-0.965905,-1.001697,1.167231,1.330479,1.090889,0.131358,-0.433882,-1.247997,-1.037423,1.306363,1.219387,1.102655,0.123407,-0.402647
1679,-0.804548,-0.938872,1.061697,1.358816,1.092770,0.157877,-0.538565,-1.059930,-0.985542,1.219005,1.290341,1.102655,0.158885,-0.551423
1680,-0.645777,-0.850457,0.957444,1.365211,1.099817,0.217855,-0.698266,-0.888647,-0.927558,1.124018,1.325437,1.103037,0.201991,-0.662814
1681,-0.523427,-0.782785,0.879680,1.347998,1.103537,0.254919,-0.763566,-0.742542,-0.862325,1.030175,1.336118,1.103037,0.253491,-0.788319
1682,-0.403367,-0.710539,0.821716,1.321879,1.108250,0.287263,-0.814522,-0.612078,-0.792897,0.945106,1.334211,1.103037,0.279812,-0.790227
1683,-0.266070,-0.617963,0.743538,1.259796,1.116291,0.321065,-0.852072,-0.492676,-0.721180,0.863851,1.325055,1.103037,0.319104,-0.819982
1684,-0.190282,-0.592187,0.656972,1.133875,1.121778,0.299209,-0.777217,-0.379377,-0.639925,0.784886,1.284237,1.103418,0.346189,-0.860418
1685,-0.152454,-0.599465,0.574603,1.003247,1.129051,0.265126,-0.568498,-0.282483,-0.585374,0.724613,1.205653,1.104181,0.317960,-0.702106
1686,-0.155943,-0.638860,0.533436,0.862980,1.138289,0.224444,-0.345715,-0.219539,-0.571641,0.663577,1.093881,1.110666,0.278286,-0.461013
1687,-0.196874,-0.705864,0.499179,0.624278,1.151989,0.165351,-0.114984,-0.200465,-0.592622,0.609789,0.942054,1.127451,0.227169,-0.238613
1688,-0.239818,-0.769005,0.455269,0.460721,1.164151,0.132165,0.068677,-0.207713,-0.641070,0.560578,0.755131,1.140803,0.170710,-0.029564
1689,-0.249361,-0.826273,0.426408,0.403636,1.177519,0.117948,0.196750,-0.212673,-0.714694,0.511749,0.578508,1.149958,0.131800,0.139811
1690,-0.232200,-0.864600,0.415851,0.425486,1.190647,0.119986,0.266333,-0.211147,-0.803197,0.469787,0.457580,1.149577,0.102808,0.268368
1691,-0.193026,-0.896205,0.430537,0.567563,1.201232,0.145021,0.156934,-0.206188,-0.883307,0.442321,0.415999,1.160258,0.102426,0.310712
1692,-0.154398,-0.910751,0.436053,0.702516,1.210763,0.196020,-0.069603,-0.201610,-0.945106,0.440795,0.461776,1.164836,0.133326,0.127222
1693,-0.127708,-0.901512,0.459547,0.803750,1.219484,0.238628,-0.270985,-0.190166,-0.963798,0.437743,0.571260,1.194209,0.213817,-0.118448
1694,-0.108312,-0.872088,0.487515,0.876032,1.224278,0.273027,-0.430653,-0.185588,-0.949302,0.438506,0.699435,1.194209,0.265316,-0.347715
1695,-0.093732,-0.823424,0.506958,0.939903,1.225882,0.297535,-0.544828,-0.185206,-0.911917,0.438888,0.804723,1.194209,0.308423,-0.488861
1696,-0.085447,-0.763744,0.518237,0.974431,1.224923,0.306241,-0.615983,-0.176814,-0.861563,0.440414,0.884451,1.194591,0.312619,-0.575837
1697,-0.085028,-0.699727,0.524677,1.000603,1.223134,0.305092,-0.658824,-0.159648,-0.803197,0.440414,0.937858,1.194591,0.327497,-0.641070
1698,-0.097962,-0.639400,0.602898,1.054382,1.218308,0.314123,-0.710271,-0.145151,-0.742161,0.455673,0.968757,1.194591,0.327115,-0.654803
1699,-0.123045,-0.577887,0.668055,1.062325,1.212256,0.322833,-0.749644,-0.140574,-0.691043,0.510986,1.002327,1.194209,0.327497,-0.704013
1700,-0.155796,-0.527691,0.738324,1.050102,1.207926,0.339328,-0.780149,-0.140574,-0.630007,0.576982,1.027123,1.194209,0.327497,-0.781834
1701,-0.170226,-0.504728,0.766067,1.038503,1.204704,0.357797,-0.800711,-0.143626,-0.564393,0.654040,1.028649,1.194209,0.354582,-0.786030
1702,-0.195305,-0.486204,0.828785,1.013377,1.203207,0.372312,-0.819268,-0.155833,-0.514038,0.738346,1.027886,1.194209,0.383955,-0.817693
1703,-0.229420,-0.465736,0.925235,0.957180,1.206383,0.336625,-0.700331,-0.176432,-0.478561,0.833333,1.016442,1.194209,0.362974,-0.724994
1704,-0.248709,-0.443246,0.982489,0.899284,1.209713,0.315975,-0.546448,-0.197414,-0.450713,0.908865,0.976005,1.193828,0.340467,-0.517472
1705,-0.271259,-0.421258,1.011075,0.799145,1.216389,0.315795,-0.383960,-0.225643,-0.430877,0.958839,0.901999,1.194209,0.347333,-0.377470
1706,-0.291410,-0.405356,1.018148,0.726438,1.229154,0.307086,-0.170467,-0.247768,-0.418669,0.985161,0.822652,1.217098,0.337415,-0.153162
1707,-0.316814,-0.393634,1.030476,0.643920,1.234485,0.296052,-0.105655,-0.275235,-0.418669,0.984779,0.737583,1.217098,0.322538,-0.100137
1708,-0.346509,-0.377812,1.042361,0.560304,1.238939,0.276409,-0.056517,-0.306516,-0.412947,0.991264,0.648699,1.218242,0.299268,-0.077630
1709,-0.355445,-0.372376,1.044571,0.582099,1.241269,0.258662,-0.025316,-0.323682,-0.412947,0.991264,0.603685,1.224346,0.266079,-0.016213
1710,-0.364064,-0.371384,1.040713,0.623328,1.238431,0.240155,-0.051098,-0.335889,-0.412566,0.991264,0.596437,1.224346,0.253872,-0.029183
1711,-0.372377,-0.370343,1.028902,0.722327,1.230224,0.238470,-0.153614,-0.344282,-0.412947,0.991264,0.625429,1.223964,0.236324,-0.136759
1712,-0.372975,-0.369619,1.025959,0.840485,1.217657,0.237266,-0.255949,-0.343900,-0.412566,0.991264,0.702106,1.223964,0.239376,-0.276379
1713,-0.369563,-0.363800,1.007995,0.918674,1.197683,0.232335,-0.319551,-0.344282,-0.403792,0.991264,0.800908,1.214809,0.244335,-0.335508
1714,-0.372170,-0.361627,1.000839,0.954692,1.180418,0.200116,-0.324706,-0.345045,-0.388151,0.990120,0.883307,1.186961,0.242428,-0.338941
1715,-0.375749,-0.369588,0.993724,0.957711,1.166363,0.146835,-0.267478,-0.349241,-0.374800,0.990120,0.936713,1.181621,0.203136,-0.306897
1716,-0.368670,-0.387638,0.964790,0.943050,1.154296,0.085108,-0.165725,-0.354200,-0.374037,0.990120,0.956168,1.166361,0.140192,-0.200847
1717,-0.355749,-0.409550,0.927355,0.889755,1.148545,0.030953,-0.031814,-0.355344,-0.377470,0.978294,0.949302,1.162547,0.070382,-0.045968
1718,-0.332826,-0.433594,0.903898,0.843978,1.148240,-0.004839,0.106124,-0.355344,-0.385100,0.953498,0.917639,1.162547,0.033379,0.091745
1719,-0.296449,-0.461507,0.842201,0.767891,1.150600,0.005291,0.195985,-0.353056,-0.404173,0.921836,0.869955,1.163310,0.034905,0.160029
1720,-0.254598,-0.487258,0.756944,0.723292,1.151739,0.023514,0.258510,-0.341230,-0.430114,0.863851,0.815023,1.163310,0.044060,0.227932
1721,-0.214373,-0.505988,0.650035,0.693465,1.150319,0.039797,0.304799,-0.313764,-0.463302,0.778401,0.765812,1.162928,0.054742,0.296979
1722,-0.191619,-0.526540,0.590976,0.682736,1.149076,0.078010,0.301757,-0.277523,-0.501450,0.689517,0.724994,1.162928,0.079156,0.309186
1723,-0.166875,-0.552823,0.551929,0.698383,1.145222,0.136385,0.238259,-0.240520,-0.539216,0.623140,0.699817,1.162547,0.113870,0.284390
1724,-0.144833,-0.576689,0.525585,0.708067,1.144323,0.153839,0.120972,-0.206950,-0.570497,0.576982,0.696384,1.158732,0.155833,0.185588
1725,-0.125881,-0.607800,0.514408,0.738429,1.145687,0.168867,-0.050649,-0.185969,-0.590715,0.548371,0.699817,1.156062,0.167659,0.015450
1726,-0.106473,-0.636117,0.504565,0.780257,1.146636,0.177076,-0.170077,-0.167659,-0.605592,0.541886,0.712024,1.156062,0.182918,-0.152781
1727,-0.088021,-0.654385,0.476955,0.822185,1.146367,0.189394,-0.319831,-0.147440,-0.617418,0.535782,0.744450,1.156062,0.184825,-0.255398
1728,-0.064941,-0.662699,0.467511,0.909635,1.143505,0.206911,-0.422625,-0.124170,-0.632677,0.517853,0.787938,1.156062,0.200847,-0.403410
1729,-0.048535,-0.663814,0.469975,0.966550,1.140020,0.214861,-0.486205,-0.102426,-0.645266,0.509079,0.853933,1.155680,0.208858,-0.470550
1730,-0.023211,-0.655761,0.446188,0.992535,1.136238,0.211718,-0.523304,-0.088312,-0.647936,0.506027,0.914588,1.155299,0.233654,-0.506790
1731,0.007734,-0.641871,0.423221,1.043683,1.128131,0.213499,-0.597428,-0.083352,-0.646410,0.493057,0.959983,1.154917,0.231365,-0.569734
1732,0.027973,-0.640012,0.413671,1.073517,1.123565,0.229823,-0.654714,-0.063134,-0.646029,0.464446,1.008812,1.129358,0.242046,-0.633059
1733,0.035547,-0.631496,0.427877,1.095297,1.119616,0.221075,-0.655995,-0.042535,-0.646029,0.449569,1.045434,1.129358,0.255398,-0.676165
1734,0.057664,-0.598675,0.476986,1.115870,1.116587,0.179994,-0.493783,-0.020409,-0.644884,0.449950,1.074426,1.129740,0.234417,-0.651751
1735,0.068179,-0.559906,0.518100,1.106443,1.113825,0.108196,-0.223993,0.004768,-0.624285,0.451858,1.091974,1.129740,0.194743,-0.404936
1736,0.090532,-0.546576,0.534122,1.110726,1.111456,0.090775,-0.114404,0.013924,-0.589952,0.453384,1.096170,1.128977,0.114252,-0.131800
1737,0.114810,-0.544814,0.513940,1.117544,1.106515,0.091304,-0.091573,0.026513,-0.575074,0.453765,1.097314,1.129358,0.113489,-0.101663
1738,0.131844,-0.563539,0.488058,1.113491,1.104396,0.080036,-0.108957,0.047112,-0.567826,0.453765,1.098840,1.128977,0.116159,-0.103189
1739,0.150671,-0.570690,0.444896,1.148111,1.096167,0.084342,-0.202817,0.073434,-0.568208,0.453384,1.098840,1.128977,0.110437,-0.113870
1740,0.161779,-0.568767,0.421244,1.154283,1.093013,0.092052,-0.252368,0.098230,-0.573167,0.451476,1.100366,1.110666,0.109293,-0.235943
1741,0.179302,-0.556511,0.412691,1.145755,1.091799,0.095988,-0.276363,0.121500,-0.573167,0.451476,1.114099,1.110666,0.108148,-0.290494
1742,0.191239,-0.528838,0.380192,1.159409,1.088713,0.126573,-0.335564,0.136378,-0.573167,0.451095,1.120203,1.110666,0.112726,-0.291257
1743,0.191695,-0.506862,0.353233,1.171658,1.082615,0.205988,-0.489172,0.147822,-0.564775,0.432403,1.120203,1.110666,0.142100,-0.352293
1744,0.191695,-0.506862,0.353233,1.171658,1.082615,0.205988,-0.489172,0.150492,-0.548753,0.402647,1.124781,1.109903,0.229076,-0.554093
1745,0.163023,-0.529790,0.410932,1.194230,1.079803,0.355668,-0.686031,0.150111,-0.543412,0.400740,1.147288,1.090448,0.382811,-0.742161
1746,0.091939,-0.581879,0.533567,1.264511,1.082543,0.374745,-0.751193,0.132563,-0.560197,0.448043,1.201839,1.084344,0.396162,-0.783360
1747,0.014183,-0.615954,0.631595,1.156355,1.083779,0.266010,-0.476193,0.086023,-0.571260,0.539597,1.207561,1.084726,0.294690,-0.464828
1748,-0.076430,-0.626602,0.608300,0.894043,1.092959,0.165206,-0.189773,0.005913,-0.567826,0.584230,1.087778,1.085107,0.202373,-0.180247
1749,-0.159979,-0.642327,0.575308,0.774570,1.108834,0.103421,0.000871,-0.069238,-0.584611,0.584611,0.934806,1.096170,0.116922,0.005150
1750,-0.166319,-0.657931,0.583772,0.826670,1.120158,0.096417,0.087461,-0.113107,-0.635348,0.584230,0.852407,1.096551,0.090219,0.136759
1751,-0.145938,-0.668002,0.571952,0.882493,1.122514,0.137669,-0.034165,-0.129511,-0.692569,0.579652,0.840581,1.096551,0.136759,-0.008583
1752,-0.123025,-0.669317,0.550236,0.895884,1.125778,0.155519,-0.197537,-0.132944,-0.703632,0.564393,0.848211,1.096933,0.176432,-0.217632
1753,-0.087594,-0.652899,0.530106,0.919042,1.131840,0.167935,-0.362271,-0.130655,-0.692950,0.560578,0.873007,1.097314,0.174525,-0.387388
1754,-0.041739,-0.635670,0.486207,0.948649,1.134167,0.157058,-0.348668,-0.111200,-0.670443,0.546464,0.909247,1.118677,0.172618,-0.384337
1755,-0.014450,-0.629073,0.459243,0.955727,1.136263,0.141683,-0.322113,-0.085641,-0.643359,0.517090,0.934424,1.119440,0.172618,-0.326734
1756,0.008268,-0.627262,0.429317,0.965481,1.138145,0.122184,-0.268811,-0.060082,-0.638781,0.493820,0.950446,1.119440,0.165370,-0.312238
1757,0.026738,-0.622356,0.398908,0.973242,1.140592,0.094353,-0.186787,-0.035286,-0.638018,0.464828,0.957694,1.119440,0.131418,-0.199321
1758,0.040177,-0.615653,0.369776,0.972877,1.142126,0.087200,-0.161608,-0.013924,-0.638018,0.426299,0.957694,1.119821,0.105097,-0.152781
1759,0.050327,-0.604014,0.341619,0.971896,1.144217,0.081341,-0.142579,-0.000572,-0.635729,0.399596,0.957694,1.123255,0.104715,-0.152399
1760,0.075966,-0.592927,0.316060,1.006675,1.145410,0.078044,-0.133993,0.012398,-0.626192,0.369078,0.963416,1.123255,0.105097,-0.151637
1761,0.105022,-0.583287,0.293682,1.018203,1.147743,0.073775,-0.127680,0.031090,-0.617037,0.342756,0.979820,1.122873,0.104715,-0.151255
1762,0.130157,-0.578775,0.274034,1.025388,1.148710,0.072778,-0.129251,0.053979,-0.606737,0.319104,0.996223,1.122873,0.104334,-0.152018
1763,0.145519,-0.576283,0.267699,1.027175,1.149694,0.071139,-0.130467,0.078012,-0.606355,0.303845,1.007286,1.123255,0.105478,-0.152018
1764,0.155362,-0.573945,0.261360,1.026729,1.150447,0.070643,-0.131289,0.096704,-0.606355,0.296597,1.008049,1.123255,0.104715,-0.152018
1765,0.162984,-0.573640,0.256486,1.026612,1.151328,0.071051,-0.133744,0.112345,-0.606355,0.293545,1.008049,1.123255,0.104715,-0.151637
1766,0.168253,-0.572844,0.251625,1.031761,1.151996,0.072160,-0.137695,0.123407,-0.606355,0.293545,1.008049,1.123255,0.105097,-0.152399
1767,0.170732,-0.573503,0.251436,1.032821,1.152824,0.072686,-0.140558,0.128367,-0.606355,0.293545,1.008049,1.123255,0.103952,-0.152399
1768,0.172705,-0.574602,0.249349,1.032512,1.153594,0.072070,-0.142175,0.127985,-0.606355,0.293545,1.008049,1.123255,0.105097,-0.152399
1769,0.176789,-0.579517,0.243706,1.035678,1.154850,0.071424,-0.144108,0.127985,-0.606355,0.293164,1.008049,1.123255,0.104715,-0.152399
1770,0.177925,-0.581849,0.241850,1.035691,1.155518,0.070872,-0.143286,0.128367,-0.606355,0.293545,1.008049,1.123255,0.104715,-0.152399
1771,0.180599,-0.580600,0.237806,1.035401,1.156458,0.071388,-0.141843,0.128367,-0.606355,0.293545,1.008049,1.123255,0.105097,-0.152399
1772,0.182698,-0.579113,0.239061,1.034042,1.157791,0.072806,-0.142984,0.128367,-0.606355,0.293164,1.008049,1.123255,0.105097,-0.152399
1773,0.184888,-0.576460,0.239981,1.032254,1.159003,0.073929,-0.143343,0.128367,-0.606355,0.293164,1.008049,1.123255,0.104715,-0.152399
1774,0.186371,-0.575960,0.237639,1.030752,1.160176,0.074658,-0.143225,0.128367,-0.606355,0.293164,1.008049,1.123255,0.104715,-0.152399
